image_file,category,subcategory,H,FA,n_resp,memoir_mem_score_yfa,memoir_mem_score_nfa,mean_response_time
000000003832.jpg,vehicle,pleasure boat,44,19,68,0.367647058823529,0.647058823529412,657.360655737705
000000005099.jpg,animal,sheep,90,13,146,0.527397260273973,0.616438356164384,666.20618556701
000000009768.jpg,food,banana,81,16,86,0.755813953488372,0.941860465116279,598.373626373626
000000010196.jpg,food,orange,68,9,84,0.702380952380952,0.80952380952381,605.513888888889
000000011373.jpg,animal,sheep,66,19,86,0.546511627906977,0.767441860465116,653.3
000000019579.jpg,food,sandwich,58,18,73,0.547945205479452,0.794520547945205,645.845070422535
000000021048.jpg,animal,dog,62,3,85,0.694117647058823,0.729411764705882,752.655737704918
000000025358.jpg,sports,soccer,52,15,81,0.45679012345679,0.641975308641975,668.269841269841
000000027482.jpg,sports,skateboarding,69,8,83,0.734939759036145,0.831325301204819,656.260273972603
000000027798.jpg,sports,skiing,41,9,71,0.450704225352113,0.577464788732394,702.085106382979
000000028864.jpg,food,apple,64,7,85,0.670588235294118,0.752941176470588,628.892307692308
000000033633.jpg,food,sandwich,130,35,154,0.616883116883117,0.844155844155844,648.186666666667
000000035156.jpg,animal,sheep,50,4,84,0.547619047619048,0.595238095238095,608.980392156863
000000036544.jpg,food,cake,137,12,156,0.801282051282051,0.878205128205128,644.102941176471
000000037823.jpg,animal,sheep,65,12,77,0.688311688311688,0.844155844155844,649.315068493151
000000043655.jpg,animal,cat,131,11,148,0.810810810810811,0.885135135135135,700.192592592593
000000043758.jpg,animal,sheep,100,24,148,0.513513513513513,0.675675675675676,661.09243697479
000000045599.jpg,animal,giraffe,71,13,83,0.698795180722892,0.855421686746988,573.493670886076
000000045617.jpg,animal,elephant,64,17,83,0.566265060240964,0.771084337349398,650.589743589744
000000047907.jpg,food,orange,74,4,88,0.795454545454545,0.840909090909091,627.972972972973
000000053360.jpg,sports,tennis,107,23,154,0.545454545454545,0.694805194805195,655.627118644068
000000054082.jpg,food,cake,57,8,92,0.532608695652174,0.619565217391304,708.866666666667
000000055642.jpg,vehicle,train,67,12,91,0.604395604395604,0.736263736263736,622.973333333333
000000056848.jpg,sports,soccer,71,23,83,0.578313253012048,0.855421686746988,584.644444444444
000000056868.jpg,sports,frisbee,37,6,65,0.476923076923077,0.569230769230769,653.279069767442
000000057185.jpg,sports,rugby,55,20,73,0.47945205479452,0.753424657534247,724.573529411765
000000058157.jpg,sports,frisbee,61,15,88,0.522727272727273,0.693181818181818,712.891891891892
000000062664.jpg,animal,horse,70,4,89,0.741573033707865,0.786516853932584,671.388059701493
000000063299.jpg,sports,surfing,50,8,73,0.575342465753425,0.684931506849315,690.214285714286
000000063485.jpg,food,sandwich,75,9,82,0.804878048780488,0.914634146341463,622.205128205128
000000065962.jpg,vehicle,bus,66,8,87,0.666666666666667,0.758620689655172,661.739130434783
000000067082.jpg,animal,cow,56,21,84,0.416666666666667,0.666666666666667,608.257142857143
000000067786.jpg,animal,elephant,134,23,153,0.725490196078431,0.875816993464052,639.427631578947
000000073669.jpg,animal,horse,64,4,73,0.821917808219178,0.876712328767123,611.815384615385
000000074533.jpg,vehicle,train,89,12,159,0.484276729559748,0.559748427672956,725.917525773196
000000075611.jpg,animal,horse,61,11,87,0.574712643678161,0.701149425287356,679.791044776119
000000080363.jpg,animal,cow,50,7,71,0.605633802816901,0.704225352112676,652.259259259259
000000083142.jpg,animal,zebra,51,5,73,0.63013698630137,0.698630136986301,636.018518518519
000000083619.jpg,food,pizza,61,11,85,0.588235294117647,0.717647058823529,619.388059701493
000000086210.jpg,vehicle,car,105,17,150,0.586666666666667,0.7,671.230088495575
000000087383.jpg,food,apple,45,11,71,0.47887323943662,0.633802816901409,701.018181818182
000000089320.jpg,food,broccoli,110,35,157,0.477707006369427,0.700636942675159,656.808823529412
000000094716.jpg,animal,cow,63,3,88,0.681818181818182,0.715909090909091,656.484375
000000095321.jpg,sports,soccer,54,8,90,0.511111111111111,0.6,655.929824561404
000000095814.jpg,animal,zebra,70,21,87,0.563218390804598,0.804597701149425,582.666666666667
000000096046.jpg,food,donut,74,21,85,0.623529411764706,0.870588235294118,624.386363636364
000000097778.jpg,food,donut,45,7,78,0.487179487179487,0.576923076923077,709.48
000000102741.jpg,vehicle,car,51,5,83,0.55421686746988,0.614457831325301,634.094339622642
000000105952.jpg,vehicle,train,26,4,74,0.297297297297297,0.351351351351351,710.866666666667
000000110159.jpg,vehicle,motorcycle,62,6,82,0.682926829268293,0.75609756097561,661.203125
000000110697.jpg,food,sandwich,70,10,77,0.779220779220779,0.909090909090909,704.466666666667
000000111224.jpg,sports,soccer,71,18,88,0.602272727272727,0.806818181818182,668.759036144578
000000113455.jpg,vehicle,motorcycle,65,16,86,0.569767441860465,0.755813953488372,652.541666666667
000000113852.jpg,animal,cow,101,18,153,0.542483660130719,0.660130718954248,643.54954954955
000000116572.jpg,food,sandwich,109,22,152,0.572368421052632,0.717105263157895,685.008
000000117407.jpg,animal,cat,67,13,82,0.658536585365854,0.817073170731707,662.293333333333
000000117417.jpg,sports,tennis,56,4,75,0.693333333333333,0.746666666666667,635.660714285714
000000117965.jpg,animal,sheep,125,19,152,0.697368421052632,0.822368421052632,644.353383458647
000000118543.jpg,food,broccoli,59,9,69,0.72463768115942,0.855072463768116,662.466666666667
000000121827.jpg,sports,surfing,57,10,72,0.652777777777778,0.791666666666667,645.065573770492
000000123891.jpg,animal,bear,62,20,81,0.518518518518518,0.765432098765432,644.962025316456
000000124841.jpg,sports,American football,56,6,87,0.574712643678161,0.64367816091954,738.810344827586
000000125499.jpg,food,apple,69,5,80,0.8,0.8625,652.579710144927
000000126895.jpg,sports,baseball,119,34,159,0.534591194968553,0.748427672955975,663.909090909091
000000126964.jpg,animal,giraffe,69,10,79,0.746835443037975,0.873417721518987,653.082191780822
000000127056.jpg,animal,cat,71,8,91,0.692307692307692,0.78021978021978,686.071428571429
000000127647.jpg,animal,elephant,89,17,94,0.765957446808511,0.946808510638298,627.14
000000128324.jpg,animal,elephant,58,15,87,0.494252873563218,0.666666666666667,664.390625
000000131714.jpg,animal,dog,65,5,86,0.697674418604651,0.755813953488372,726.984848484848
000000132041.jpg,food,broccoli,61,3,71,0.816901408450704,0.859154929577465,697.344827586207
000000134306.jpg,animal,sheep,58,6,72,0.722222222222222,0.805555555555556,629.079365079365
000000135483.jpg,sports,soccer,65,23,90,0.466666666666667,0.722222222222222,654.569620253165
000000135694.jpg,food,pizza,82,8,91,0.813186813186813,0.901098901098901,644.137931034483
000000139249.jpg,sports,frisbee,46,6,66,0.606060606060606,0.696969696969697,684.102040816327
000000144430.jpg,food,orange,127,11,155,0.748387096774194,0.819354838709677,632.9375
000000150181.jpg,vehicle,airplane,54,9,82,0.548780487804878,0.658536585365854,659.083333333333
000000157886.jpg,animal,zebra,64,14,82,0.609756097560976,0.780487804878049,622.932432432432
000000157901.jpg,animal,sheep,50,5,76,0.592105263157895,0.657894736842105,713.596153846154
000000159196.jpg,animal,cow,58,17,83,0.493975903614458,0.698795180722892,614.891891891892
000000160624.jpg,sports,skiing,59,15,79,0.556962025316456,0.746835443037975,672.927536231884
000000163559.jpg,food,broccoli,111,14,153,0.633986928104575,0.725490196078431,673.543859649123
000000166376.jpg,sports,skiing,75,9,87,0.758620689655172,0.862068965517241,698.973684210526
000000166766.jpg,food,donut,77,7,88,0.795454545454545,0.875,640.35
000000167045.jpg,animal,elephant,64,15,90,0.544444444444444,0.711111111111111,675.135135135135
000000168522.jpg,food,sandwich,45,6,77,0.506493506493506,0.584415584415584,689.574468085106
000000168741.jpg,food,donut,127,25,149,0.684563758389262,0.852348993288591,666.685314685315
000000170208.jpg,sports,surfing,50,18,74,0.432432432432432,0.675675675675676,629.031746031746
000000175136.jpg,vehicle,fishing boat,52,7,85,0.529411764705882,0.611764705882353,652.105263157895
000000177749.jpg,animal,horse,112,19,150,0.62,0.746666666666667,607.574803149606
000000181481.jpg,sports,frisbee,42,13,89,0.325842696629213,0.471910112359551,710.603773584906
000000182496.jpg,food,hotdog,91,16,97,0.77319587628866,0.938144329896907,656.990384615385
000000182837.jpg,sports,surfing,64,11,87,0.609195402298851,0.735632183908046,684.112676056338
000000184470.jpg,food,donut,69,6,82,0.768292682926829,0.841463414634146,615.426470588235
000000185530.jpg,animal,sheep,46,12,81,0.419753086419753,0.567901234567901,712.094339622642
000000185614.jpg,food,hotdog,95,25,151,0.463576158940397,0.629139072847682,654.263157894737
000000190868.jpg,vehicle,train,125,29,157,0.611464968152866,0.796178343949045,648.769230769231
000000192200.jpg,sports,soccer,51,21,90,0.333333333333333,0.566666666666667,565.671641791045
000000195748.jpg,sports,baseball,57,20,86,0.430232558139535,0.662790697674419,668.690140845071
000000195815.jpg,animal,dog,49,2,72,0.652777777777778,0.680555555555556,703.163265306122
000000196344.jpg,animal,horse,63,22,91,0.450549450549451,0.692307692307692,641.024691358025
000000196912.jpg,sports,frisbee,50,14,69,0.521739130434783,0.72463768115942,615.183333333333
000000197597.jpg,food,broccoli,62,14,84,0.571428571428571,0.738095238095238,639.246376811594
000000207097.jpg,animal,zebra,72,24,84,0.571428571428571,0.857142857142857,606.344827586207
000000207573.jpg,food,banana,67,6,73,0.835616438356164,0.917808219178082,625.373134328358
000000208071.jpg,animal,giraffe,116,27,154,0.577922077922078,0.753246753246753,656.726618705036
000000212095.jpg,sports,surfing,68,13,83,0.662650602409639,0.819277108433735,641.16
000000213437.jpg,animal,bear,56,17,72,0.541666666666667,0.777777777777778,643.739130434783
000000215565.jpg,food,hotdog,139,24,151,0.76158940397351,0.920529801324503,645.486842105263
000000216455.jpg,animal,bear,55,8,83,0.566265060240964,0.662650602409639,678.612903225806
000000219523.jpg,food,orange,145,18,158,0.80379746835443,0.917721518987342,632.685534591195
000000220948.jpg,food,pizza,71,10,89,0.685393258426966,0.797752808988764,640.730769230769
000000221183.jpg,vehicle,train,58,12,86,0.534883720930232,0.674418604651163,662
000000222599.jpg,animal,giraffe,132,42,157,0.573248407643312,0.840764331210191,624.65625
000000230152.jpg,food,orange,73,21,74,0.702702702702703,0.986486486486486,605.011904761905
000000233366.jpg,food,orange,54,1,75,0.706666666666667,0.72,670.698113207547
000000234475.jpg,animal,cat,122,10,147,0.761904761904762,0.829931972789116,686.312
000000236475.jpg,sports,tennis,65,6,83,0.710843373493976,0.783132530120482,682.338461538462
000000240608.jpg,food,pizza,53,7,75,0.613333333333333,0.706666666666667,705.410714285714
000000240960.jpg,food,pizza,69,9,82,0.731707317073171,0.841463414634146,596.75
000000240967.jpg,vehicle,SUV,48,8,83,0.481927710843373,0.578313253012048,750.56862745098
000000246339.jpg,sports,surfing,66,15,88,0.579545454545455,0.75,644.135135135135
000000247723.jpg,animal,zebra,134,37,154,0.62987012987013,0.87012987012987,609.949685534591
000000249815.jpg,vehicle,bicycle,62,9,74,0.716216216216216,0.837837837837838,672.151515151515
000000252198.jpg,food,hotdog,81,9,152,0.473684210526316,0.532894736842105,675
000000252570.jpg,animal,horse,59,8,88,0.579545454545455,0.670454545454545,647.140625
000000253615.jpg,animal,sheep,60,10,81,0.617283950617284,0.740740740740741,667.373134328358
000000254197.jpg,food,orange,76,8,90,0.755555555555556,0.844444444444444,589.226666666667
000000256284.jpg,animal,cow,55,4,86,0.593023255813954,0.63953488372093,649.196428571429
000000257137.jpg,food,broccoli,70,16,83,0.650602409638554,0.843373493975904,593.444444444445
000000259491.jpg,food,pizza,53,5,82,0.585365853658537,0.646341463414634,670.964285714286
000000262119.jpg,sports,skateboarding,46,11,82,0.426829268292683,0.560975609756098,723.690909090909
000000269634.jpg,animal,zebra,50,7,69,0.623188405797101,0.72463768115942,684.446428571429
000000272599.jpg,sports,surfing,125,11,147,0.775510204081633,0.850340136054422,651.4
000000272804.jpg,animal,bear,56,4,87,0.597701149425287,0.64367816091954,701.879310344828
000000273190.jpg,sports,baseball,49,14,88,0.397727272727273,0.556818181818182,697.47619047619
000000275933.jpg,sports,soccer,40,9,75,0.413333333333333,0.533333333333333,701.108695652174
000000277614.jpg,vehicle,train,55,13,85,0.494117647058824,0.647058823529412,606.530303030303
000000283144.jpg,food,banana,135,17,149,0.791946308724832,0.906040268456376,595.246575342466
000000283246.jpg,animal,sheep,79,15,147,0.435374149659864,0.537414965986395,654.333333333333
000000283750.jpg,sports,skiing,74,13,84,0.726190476190476,0.880952380952381,624.292682926829
000000286480.jpg,animal,dog,87,1,159,0.540880503144654,0.547169811320755,770.214285714286
000000286751.jpg,food,apple,51,4,81,0.580246913580247,0.62962962962963,741.12962962963
000000288117.jpg,animal,cow,49,5,71,0.619718309859155,0.690140845070423,666.12
000000289883.jpg,vehicle,bus,73,8,86,0.755813953488372,0.848837209302326,636.898734177215
000000292349.jpg,sports,baseball,54,14,73,0.547945205479452,0.73972602739726,663.68253968254
000000292618.jpg,sports,skiing,56,9,88,0.534090909090909,0.636363636363636,673.508771929825
000000295804.jpg,sports,baseball,79,13,87,0.758620689655172,0.908045977011494,646.277108433735
000000299734.jpg,sports,frisbee,128,18,154,0.714285714285714,0.831168831168831,691.948905109489
000000300264.jpg,food,broccoli,63,18,85,0.529411764705882,0.741176470588235,641.333333333333
000000302551.jpg,sports,frisbee,71,19,86,0.604651162790698,0.825581395348837,644.910112359551
000000302964.jpg,vehicle,bus,56,2,87,0.620689655172414,0.64367816091954,709.767857142857
000000303016.jpg,vehicle,truck,43,4,72,0.541666666666667,0.597222222222222,676.522727272727
000000304115.jpg,sports,baseball,98,14,150,0.56,0.653333333333333,660.198113207547
000000305082.jpg,food,sandwich,130,38,151,0.609271523178808,0.860927152317881,571.554838709677
000000309694.jpg,animal,elephant,68,15,90,0.588888888888889,0.755555555555556,659.907894736842
000000313412.jpg,animal,bear,37,6,86,0.36046511627907,0.430232558139535,696.15
000000318279.jpg,sports,frisbee,62,13,76,0.644736842105263,0.81578947368421,691.871428571429
000000318464.jpg,vehicle,bicycle,43,3,82,0.487804878048781,0.524390243902439,683.926829268293
000000324645.jpg,food,apple,66,6,80,0.75,0.825,660.867647058824
000000328185.jpg,vehicle,truck,115,18,152,0.638157894736842,0.756578947368421,646
000000334751.jpg,sports,frisbee,67,5,85,0.729411764705882,0.788235294117647,704.818181818182
000000335624.jpg,animal,cow,32,4,70,0.4,0.457142857142857,646.125
000000338091.jpg,animal,cat,58,13,71,0.633802816901409,0.816901408450704,688.223880597015
000000343254.jpg,food,donut,69,18,92,0.554347826086957,0.75,654.843373493976
000000349402.jpg,food,banana,63,5,67,0.865671641791045,0.940298507462687,634.89552238806
000000350051.jpg,animal,horse,53,2,81,0.62962962962963,0.654320987654321,693.450980392157
000000350475.jpg,food,hotdog,125,28,162,0.598765432098765,0.771604938271605,650.156028368794
000000352151.jpg,vehicle,airplane,41,7,81,0.419753086419753,0.506172839506173,713.191489361702
000000359081.jpg,food,pizza,76,21,94,0.585106382978723,0.808510638297872,653.5
000000359592.jpg,food,broccoli,130,40,152,0.592105263157895,0.855263157894737,632.138554216867
000000360374.jpg,vehicle,car,53,6,75,0.626666666666667,0.706666666666667,709.388888888889
000000363067.jpg,animal,cow,38,8,82,0.365853658536585,0.463414634146341,606.952380952381
000000370399.jpg,food,broccoli,57,8,77,0.636363636363636,0.74025974025974,626.327586206897
000000373153.jpg,animal,cow,68,5,84,0.75,0.80952380952381,664.768115942029
000000378848.jpg,vehicle,bicycle,63,4,88,0.670454545454545,0.715909090909091,661.34328358209
000000379401.jpg,food,orange,66,13,84,0.630952380952381,0.785714285714286,641.293333333333
000000382462.jpg,sports,soccer,62,12,87,0.574712643678161,0.71264367816092,648.642857142857
000000382710.jpg,animal,cat,126,20,155,0.683870967741935,0.812903225806452,639.832116788321
000000385381.jpg,food,apple,73,9,85,0.752941176470588,0.858823529411765,634.74025974026
000000385795.jpg,sports,soccer,58,26,81,0.395061728395062,0.716049382716049,614.85
000000390817.jpg,vehicle,motorcycle,70,12,85,0.682352941176471,0.823529411764706,670.432098765432
000000395140.jpg,animal,horse,53,14,89,0.438202247191011,0.595505617977528,655.412698412698
000000395591.jpg,vehicle,motorcycle,110,23,159,0.547169811320755,0.691823899371069,681.968253968254
000000403197.jpg,animal,giraffe,67,24,83,0.518072289156626,0.807228915662651,616.091954022988
000000404172.jpg,animal,cat,53,6,73,0.643835616438356,0.726027397260274,684.833333333333
000000406329.jpg,vehicle,bus,67,10,85,0.670588235294118,0.788235294117647,649.830985915493
000000408526.jpg,sports,tennis,54,8,75,0.613333333333333,0.72,648.5
000000408965.jpg,vehicle,airplane,57,4,88,0.602272727272727,0.647727272727273,613.576271186441
000000409126.jpg,vehicle,car,59,13,154,0.298701298701299,0.383116883116883,715.865671641791
000000410255.jpg,sports,surfing,74,8,85,0.776470588235294,0.870588235294118,679.986842105263
000000411669.jpg,sports,tennis,128,32,150,0.64,0.853333333333333,647.644295302013
000000415821.jpg,animal,zebra,70,21,88,0.556818181818182,0.795454545454545,567.529411764706
000000416006.jpg,animal,cat,63,6,77,0.74025974025974,0.818181818181818,707.69696969697
000000422953.jpg,vehicle,airplane,51,8,75,0.573333333333333,0.68,650.867924528302
000000423231.jpg,vehicle,airplane,76,6,91,0.769230769230769,0.835164835164835,639.611111111111
000000424445.jpg,vehicle,airplane,55,6,82,0.597560975609756,0.670731707317073,680.966666666667
000000424978.jpg,animal,giraffe,113,24,156,0.57051282051282,0.724358974358974,712.51968503937
000000426635.jpg,sports,soccer,56,16,82,0.487804878048781,0.682926829268293,644.955223880597
000000427763.jpg,animal,horse,26,3,74,0.310810810810811,0.351351351351351,699.423076923077
000000441891.jpg,animal,giraffe,77,24,92,0.576086956521739,0.83695652173913,625.552083333333
000000444087.jpg,animal,bear,75,15,89,0.674157303370787,0.842696629213483,642.012195121951
000000445218.jpg,vehicle,motorcycle,107,2,161,0.652173913043478,0.664596273291926,718.03
000000446850.jpg,sports,tennis,60,7,72,0.736111111111111,0.833333333333333,675.25
000000447684.jpg,animal,cow,135,19,151,0.768211920529801,0.894039735099338,640.369863013699
000000449872.jpg,vehicle,car,30,6,86,0.279069767441861,0.348837209302326,659.666666666667
000000451263.jpg,animal,zebra,73,10,85,0.741176470588235,0.858823529411765,606.719512195122
000000452263.jpg,animal,bear,121,32,155,0.574193548387097,0.780645161290323,657.248275862069
000000453895.jpg,food,pizza,123,20,152,0.677631578947368,0.809210526315789,650.276119402985
000000455302.jpg,sports,skiing,126,29,156,0.621794871794872,0.807692307692308,628.979452054795
000000457050.jpg,food,orange,69,11,84,0.69047619047619,0.821428571428571,641.116883116883
000000457530.jpg,sports,skiing,51,12,74,0.527027027027027,0.689189189189189,647.410714285714
000000457766.jpg,vehicle,truck,77,6,92,0.771739130434783,0.83695652173913,619.975308641975
000000459310.jpg,food,broccoli,71,20,83,0.614457831325301,0.855421686746988,624.761904761905
000000459975.jpg,animal,sheep,111,19,154,0.597402597402597,0.720779220779221,684.05
000000461945.jpg,sports,tennis,47,10,69,0.536231884057971,0.681159420289855,721.387755102041
000000462613.jpg,sports,surfing,75,7,93,0.731182795698925,0.806451612903226,626.893333333333
000000465324.jpg,animal,elephant,60,17,91,0.472527472527472,0.659340659340659,642.239436619718
000000467232.jpg,animal,dog,67,4,84,0.75,0.797619047619048,651.779411764706
000000467990.jpg,vehicle,train,113,31,158,0.518987341772152,0.715189873417722,625.441176470588
000000477143.jpg,animal,giraffe,66,23,77,0.558441558441558,0.857142857142857,632.309523809524
000000477172.jpg,sports,skiing,65,12,88,0.602272727272727,0.738636363636364,716.684931506849
000000477585.jpg,sports,baseball,107,16,151,0.602649006622517,0.708609271523179,648.256637168142
000000481014.jpg,sports,frisbee,125,38,158,0.550632911392405,0.791139240506329,682.974193548387
000000482310.jpg,animal,dog,60,7,73,0.726027397260274,0.821917808219178,677.868852459016
000000483677.jpg,sports,tennis,46,8,85,0.447058823529412,0.541176470588235,679.265306122449
000000486233.jpg,vehicle,airplane,60,4,72,0.777777777777778,0.833333333333333,672.967213114754
000000492102.jpg,vehicle,train,53,14,66,0.590909090909091,0.803030303030303,656.671875
000000504554.jpg,food,banana,147,18,157,0.821656050955414,0.936305732484076,602.888157894737
000000505592.jpg,animal,elephant,64,14,78,0.641025641025641,0.82051282051282,666.173333333333
000000505658.jpg,animal,horse,68,8,85,0.705882352941176,0.8,649.094594594595
000000513918.jpg,animal,horse,62,10,86,0.604651162790698,0.72093023255814,642.414285714286
000000516372.jpg,vehicle,SUV,48,7,73,0.561643835616438,0.657534246575342,642.74
000000517723.jpg,vehicle,bus,64,7,85,0.670588235294118,0.752941176470588,698.90625
000000522817.jpg,food,hotdog,124,24,154,0.649350649350649,0.805194805194805,633.340579710145
000000526071.jpg,vehicle,SUV,56,7,88,0.556818181818182,0.636363636363636,696.229508196721
000000531796.jpg,vehicle,bus,115,17,158,0.620253164556962,0.727848101265823,680.6875
000000532552.jpg,sports,baseball,66,9,89,0.640449438202247,0.741573033707865,646.611111111111
000000533051.jpg,animal,cow,54,7,82,0.573170731707317,0.658536585365854,699.140350877193
000000538113.jpg,sports,baseball,54,9,91,0.494505494505494,0.593406593406593,663.266666666667
000000544396.jpg,vehicle,pleasure boat,31,13,75,0.24,0.413333333333333,664.953488372093
000000547131.jpg,animal,elephant,81,11,86,0.813953488372093,0.941860465116279,634.523255813954
000000552681.jpg,animal,elephant,101,13,149,0.590604026845638,0.677852348993289,647.864864864865
000000554340.jpg,food,donut,140,17,152,0.809210526315789,0.921052631578947,701.64
000000555267.jpg,vehicle,train,131,16,153,0.751633986928105,0.856209150326797,595.007299270073
000000563985.jpg,food,sandwich,66,14,85,0.611764705882353,0.776470588235294,608.363636363636
000000579405.jpg,food,barbecue,72,8,86,0.744186046511628,0.837209302325581,618.263888888889
000000580685.jpg,food,hotdog,57,16,76,0.539473684210526,0.75,649.716417910448
003c2b6816ba9d22.jpg,sports,bicycling racing,76,9,91,0.736263736263736,0.835164835164835,632.818181818182
00c0e3b734506745.jpg,sports,figure skating,138,11,152,0.835526315789474,0.907894736842105,660.20979020979
034e667f31be499c.jpg,landscape,jungle,56,7,86,0.569767441860465,0.651162790697674,602.423728813559
0379f7c0ef9ff4ff.jpg,sports,archery,75,1,85,0.870588235294118,0.882352941176471,639.057142857143
05f4784eeafcaf3d.jpg,sports,track and field,91,17,145,0.510344827586207,0.627586206896552,683.6
06ffee7f6da90b3e.jpg,landscape,wetland,61,20,82,0.5,0.74390243902439,681.671052631579
078b53d8a454894d.jpg,sports,rowing,110,17,149,0.624161073825503,0.738255033557047,633.766666666667
084d9b0d21b5de75.jpg,sports,field hockey,123,41,158,0.518987341772152,0.778481012658228,642.258503401361
087aacabae6c31ab.jpg,sports,fitness,53,14,75,0.52,0.706666666666667,675.2
0a9cae46a2fe661b.jpg,sports,field hockey,76,12,84,0.761904761904762,0.904761904761905,656.170731707317
0b7f82b25acda3ee.jpg,sports,archery,128,15,150,0.753333333333333,0.853333333333333,698.223880597015
0c79a0995798a379.jpg,sports,basketball,59,7,85,0.611764705882353,0.694117647058823,696.948275862069
0d6df23796aec890.jpg,sports,climbing,73,12,84,0.726190476190476,0.869047619047619,686.9125
0dd4c580c14df3d1.jpg,sports,golf,65,12,79,0.670886075949367,0.822784810126582,648.786666666667
103e1b8a925be6f6.jpg,sports,golf,74,9,86,0.755813953488372,0.86046511627907,634.55
11a5ab42ef7bc654.jpg,landscape,plantation,22,10,73,0.164383561643836,0.301369863013699,627.137931034483
1301abd7df04425b.jpg,sports,field hockey,71,21,86,0.581395348837209,0.825581395348837,619.593023255814
140ad20c487e1a55.jpg,sports,rowing,58,16,86,0.488372093023256,0.674418604651163,668.579710144928
1537f41b7a4fc016.jpg,sports,lacrosse,55,11,85,0.517647058823529,0.647058823529412,684.672131147541
15a2add6831c1e7b.jpg,landscape,wetland,52,13,88,0.443181818181818,0.590909090909091,678.177419354839
16557ffcb475ee5c.jpg,landscape,plantation,52,11,83,0.493975903614458,0.626506024096386,673.065573770492
177b07564e5e03a9.jpg,sports,bicycling racing,49,11,80,0.475,0.6125,706.2
1805dc51e061ee3f.jpg,sports,lacrosse,69,12,92,0.619565217391304,0.75,698.38961038961
18a997d97b0f209d.jpg,sports,track and field,57,11,75,0.613333333333333,0.76,663.734375
192c3e482444f853.jpg,sports,field hockey,73,24,86,0.569767441860465,0.848837209302326,653.130434782609
19ad73a14d324952.jpg,sports,volleyball,68,16,89,0.584269662921348,0.764044943820225,623.649350649351
1b1e98b5f9cc8b50.jpg,sports,japanese martial arts,85,16,155,0.445161290322581,0.548387096774194,695.255319148936
1b1ec74ad2005f06.jpg,sports,lacrosse,50,11,66,0.590909090909091,0.757575757575758,692.844827586207
1bbb133de9623768.jpg,sports,japanese martial arts,127,21,160,0.6625,0.79375,671.468085106383
1bd57202eab83f72.jpg,sports,gymnastics,73,9,85,0.752941176470588,0.858823529411765,666.283950617284
1bf7b18e9816e5c6.jpg,sports,golf,58,8,79,0.632911392405063,0.734177215189873,717.15873015873
1c5af1d984d53333.jpg,sports,skateboarding,52,11,74,0.554054054054054,0.702702702702703,712.4
1f92541b4f439e51.jpg,sports,japanese martial arts,61,4,70,0.814285714285714,0.871428571428571,709.189655172414
208fcde7b90bcbf8.jpg,sports,roller skating,76,14,84,0.738095238095238,0.904761904761905,659.047058823529
23b73886e375fa7e.jpg,sports,ice hockey,139,6,151,0.880794701986755,0.920529801324503,662.471428571429
2534461df861856c.jpg,landscape,plantation,33,1,73,0.438356164383562,0.452054794520548,703.59375
26478d643e707a68.jpg,sports,archery,67,6,83,0.734939759036145,0.807228915662651,701.985507246377
268ae58502ee8494.jpg,landscape,badlands,56,6,72,0.694444444444444,0.777777777777778,672.213114754098
269ff2d9438b0934.jpg,sports,archery,70,18,85,0.611764705882353,0.823529411764706,643.114942528736
26b45e4572605eb1.jpg,sports,field hockey,45,16,72,0.402777777777778,0.625,675.854545454545
26ed450961730c81.jpg,sports,volleyball,64,15,90,0.544444444444444,0.711111111111111,638.696202531646
287d1a6207b6ceeb.jpg,sports,figure skating,62,2,71,0.845070422535211,0.873239436619718,665.27868852459
29af2f1dd764c49f.jpg,sports,japanese martial arts,79,21,84,0.69047619047619,0.94047619047619,627.593406593407
2a28eabff35bd2f7.jpg,sports,volleyball,77,13,85,0.752941176470588,0.905882352941176,643.317647058824
2b08282fb15a689b.jpg,landscape,wetland,95,15,153,0.522875816993464,0.620915032679739,670.223300970874
2be435d58d5e858d.jpg,sports,gymnastics,66,3,69,0.91304347826087,0.956521739130435,649.125
2cc511fa46b55b76.jpg,sports,bicycling racing,129,38,148,0.614864864864865,0.871621621621622,667.248407643312
2d0e3d74e9d9c96d.jpg,sports,gymnastics,104,13,155,0.587096774193548,0.670967741935484,692.491071428572
2d8e0ed06405b1d9.jpg,sports,rugby,62,13,83,0.590361445783132,0.746987951807229,664.890410958904
2dd9378cf8e0c8ad.jpg,landscape,jungle,77,16,87,0.701149425287356,0.885057471264368,655.711111111111
2f8646054639f943.jpg,sports,roller skating,59,6,81,0.654320987654321,0.728395061728395,721.233333333333
2f9ea40fc5161426.jpg,sports,gymnastics,71,8,88,0.715909090909091,0.806818181818182,676.2
2fd1948266c82802.jpg,sports,japanese martial arts,58,4,70,0.771428571428571,0.828571428571429,659.527272727273
2fdb25f2d29f9efa.jpg,sports,skateboarding,69,12,92,0.619565217391304,0.75,705.56
2fdbe9ca76fdfd99.jpg,landscape,jungle,60,8,94,0.553191489361702,0.638297872340426,645.109375
303d5c824614b59d.jpg,sports,gymnastics,72,11,152,0.401315789473684,0.473684210526316,788.37037037037
336bacff8461dbaa.jpg,sports,track and field,79,6,85,0.858823529411765,0.929411764705882,667.75641025641
3393435e5f644a55.jpg,sports,track and field,76,12,89,0.719101123595506,0.853932584269663,683.192771084337
34699137ab6d2134.jpg,sports,rugby,127,25,157,0.64968152866242,0.808917197452229,636.641379310345
34b4b1e00c8e05ce.jpg,sports,lacrosse,41,12,72,0.402777777777778,0.569444444444444,614.333333333333
3542231e42dc54cf.jpg,sports,skateboarding,47,6,74,0.554054054054054,0.635135135135135,751.192307692308
3575fe8f13d43ff4.jpg,sports,rowing,105,17,156,0.564102564102564,0.673076923076923,698.439252336449
38db4c55f3145ccf.jpg,sports,climbing,105,10,154,0.616883116883117,0.681818181818182,675.385321100917
39dabf44b31cc631.jpg,sports,fitness,128,21,153,0.699346405228758,0.836601307189543,679.43795620438
3b9dd07f35b55a43.jpg,sports,gymnastics,70,14,88,0.636363636363636,0.795454545454545,632.731707317073
3bad69ad196d0b30.jpg,sports,fitness,74,16,90,0.644444444444444,0.822222222222222,659.943181818182
3c4e294f8d735775.jpg,sports,field hockey,120,33,153,0.568627450980392,0.784313725490196,647.397260273973
3ee15aa26a7d7286.jpg,sports,figure skating,70,7,90,0.7,0.777777777777778,668.175675675676
4423bc3fc1f1ea56.jpg,sports,karate,71,18,83,0.63855421686747,0.855421686746988,630.142857142857
44fbc46a57311ee9.jpg,sports,karate,68,14,85,0.635294117647059,0.8,634.5625
45219608ce9955ac.jpg,landscape,plantation,106,11,153,0.620915032679739,0.69281045751634,657.6
4531575c47fa1304.jpg,sports,fitness,116,19,148,0.655405405405405,0.783783783783784,718.221374045802
4592a320b99460e2.jpg,sports,karate,128,44,147,0.571428571428571,0.870748299319728,619.284848484848
46f09a0adfa8b30b.jpg,sports,figure skating,52,8,72,0.611111111111111,0.722222222222222,598.482142857143
47c3c79be6aa0974.jpg,sports,japanese martial arts,52,17,68,0.514705882352941,0.764705882352941,630.523076923077
4882db1a7d20bbe3.jpg,sports,japanese martial arts,72,9,88,0.715909090909091,0.818181818181818,626.177215189873
49bf04a42c9d83c1.jpg,sports,rugby,103,37,154,0.428571428571429,0.668831168831169,657.462686567164
4b9c9aaaa30703cf.jpg,sports,volleyball,68,14,89,0.606741573033708,0.764044943820225,667.246753246753
4b9dd131b6d77acd.jpg,landscape,creek,60,29,82,0.378048780487805,0.731707317073171,662.313253012048
4e44723b000d7060.jpg,sports,volleyball,57,9,73,0.657534246575342,0.780821917808219,650
4f00fa5d6b6671bd.jpg,sports,field hockey,66,15,85,0.6,0.776470588235294,634.68
4fc1bb40ea85f55f.jpg,landscape,snowscape,50,10,82,0.487804878048781,0.609756097560976,647.983050847458
54d149d732cd530b.jpg,sports,lacrosse,62,14,86,0.558139534883721,0.72093023255814,648.712328767123
56136a5dd78b5454.jpg,sports,bicycling racing,70,19,79,0.645569620253165,0.886075949367089,639.785714285714
56892737ddff5688.jpg,landscape,jungle,52,9,87,0.494252873563218,0.597701149425287,677.847457627119
57251d1cf556fa5e.jpg,sports,rugby,78,14,90,0.711111111111111,0.866666666666667,656.644444444444
577f77b326ff65e7.jpg,sports,lacrosse,74,19,89,0.617977528089888,0.831460674157303,625.835164835165
59f63a830a92100f.jpg,sports,swimming,79,13,85,0.776470588235294,0.929411764705882,606.379310344828
5b9c255e8e71e864.jpg,landscape,jungle,61,10,69,0.739130434782609,0.884057971014493,670.223880597015
5ba69198a3acd712.jpg,sports,roller skating,71,10,78,0.782051282051282,0.91025641025641,641.653333333333
5ba82a78da57b025.jpg,sports,fitness,116,12,152,0.68421052631579,0.763157894736842,705.378151260504
5c3d7e1e55326af8.jpg,sports,karate,83,10,93,0.78494623655914,0.89247311827957,656.105882352941
5e147e154a4e1d10.jpg,sports,climbing,110,18,156,0.58974358974359,0.705128205128205,683.586206896552
5e3a2b6e7943040f.jpg,landscape,jungle,42,4,85,0.447058823529412,0.494117647058824,577.073170731707
64290af3b5a7e7cb.jpg,landscape,jungle,123,30,152,0.611842105263158,0.809210526315789,669.493055555556
64294d928f12d0b9.jpg,sports,bicycling racing,75,12,88,0.715909090909091,0.852272727272727,648.259259259259
64d859e02180217e.jpg,sports,gymnastics,76,3,85,0.858823529411765,0.894117647058824,643.25974025974
6640cb58a84d1828.jpg,sports,lacrosse,34,6,69,0.405797101449275,0.492753623188406,708.692307692308
6766c11caf4ca2f9.jpg,sports,field hockey,66,8,85,0.682352941176471,0.776470588235294,659.057971014493
676bec8ddc1c130d.jpg,sports,archery,56,11,70,0.642857142857143,0.8,672.84126984127
68b7b352e297f202.jpg,sports,rowing,60,15,86,0.523255813953488,0.697674418604651,670.371428571429
690fd08f9b5af89c.jpg,sports,bicycling racing,67,11,73,0.767123287671233,0.917808219178082,702.876712328767
6a71ffc629306ddb.jpg,landscape,plantation,72,10,157,0.394904458598726,0.45859872611465,624.74358974359
6c217757caa59d1a.jpg,sports,field hockey,49,19,67,0.447761194029851,0.73134328358209,656.276923076923
6c2d44f9a68bbe96.jpg,landscape,creek,58,12,90,0.511111111111111,0.644444444444444,627.030769230769
6ce2d149d4ed4a8d.jpg,sports,climbing,132,27,151,0.695364238410596,0.874172185430464,624.723684210526
6d4783212cb07333.jpg,landscape,wetland,112,31,160,0.50625,0.7,597.12213740458
6ddde7a28c680948.jpg,sports,climbing,49,11,85,0.447058823529412,0.576470588235294,662.4
6f8f4097a2f50e91.jpg,sports,skateboarding,59,5,75,0.72,0.786666666666667,693.603174603175
70b5c729686aa098.jpg,sports,swimming,75,13,95,0.652631578947368,0.789473684210526,636.21686746988
70db1b2825f4088c.jpg,sports,climbing,56,11,86,0.523255813953488,0.651162790697674,620.206349206349
74f60e61ddeb2346.jpg,sports,swimming,55,8,72,0.652777777777778,0.763888888888889,708.457627118644
770b7a6fccae6986.jpg,landscape,wetland,46,11,76,0.460526315789474,0.605263157894737,696.77358490566
774a20234749713f.jpg,sports,volleyball,64,11,71,0.746478873239437,0.901408450704225,613.760563380282
7c718f850fba4d2f.jpg,sports,skateboarding,45,9,72,0.5,0.625,720.56862745098
7e9596503b795607.jpg,sports,climbing,63,6,78,0.730769230769231,0.807692307692308,662.262295081967
8368df58858084dd.jpg,landscape,plantation,69,5,85,0.752941176470588,0.811764705882353,582.882352941177
83b7de7cc77bedd8.jpg,sports,track and field,48,8,72,0.555555555555556,0.666666666666667,662.962264150943
84ebed9f630e379a.jpg,sports,ice hockey,126,38,151,0.582781456953642,0.834437086092715,629.70625
865c492b335e9890.jpg,sports,golf,67,20,84,0.55952380952381,0.797619047619048,628.074074074074
86e9451ce692d4e6.jpg,sports,lacrosse,119,28,148,0.614864864864865,0.804054054054054,670.911764705882
8797c6121f65e4e3.jpg,landscape,badlands,57,6,78,0.653846153846154,0.730769230769231,640.683333333333
87cd2486757696e5.jpg,landscape,plantation,96,10,154,0.558441558441558,0.623376623376623,674.79
8f82fbb148cbb7b4.jpg,sports,ice hockey,54,18,73,0.493150684931507,0.73972602739726,672.235294117647
919170eeb33e7a6a.jpg,sports,fitness,57,3,85,0.635294117647059,0.670588235294118,611.018518518519
97fd040545ec747a.jpg,sports,swimming,64,4,73,0.821917808219178,0.876712328767123,641.476190476191
9b2823448b008dec.jpg,sports,swimming,130,17,149,0.758389261744966,0.87248322147651,638.094488188976
9c2452fbe657faf8.jpg,sports,track and field,57,3,76,0.710526315789474,0.75,677.649122807018
9e11f75d740f84fe.jpg,sports,bicycling racing,66,23,82,0.524390243902439,0.804878048780488,605.714285714286
a017ac25346efdcd.jpg,landscape,jungle,46,13,84,0.392857142857143,0.547619047619048,648.818181818182
a0c5e577c169edb2.jpg,sports,skateboarding,52,7,69,0.652173913043478,0.753623188405797,671.679245283019
a0c9618ba54fff18.jpg,landscape,badlands,48,10,75,0.506666666666667,0.64,663.358490566038
a3ede9354b3f5cd5.jpg,sports,track and field,67,7,86,0.697674418604651,0.779069767441861,666.558823529412
a53d2e1a88a91017.jpg,sports,volleyball,54,10,85,0.517647058823529,0.635294117647059,706.540983606557
a6076d1eda69f0f1.jpg,sports,rowing,52,3,84,0.583333333333333,0.619047619047619,717.43137254902
a6478a1638644647.jpg,sports,japanese martial arts,76,13,85,0.741176470588235,0.894117647058824,650
a6fe554f214c9f6d.jpg,landscape,snowscape,52,7,86,0.523255813953488,0.604651162790698,646
a70377d1fbaf2bc0.jpg,sports,roller skating,76,6,87,0.804597701149425,0.873563218390805,689.189189189189
a73d5ae43671e30c.jpg,landscape,plantation,62,8,86,0.627906976744186,0.72093023255814,651.463768115942
a77992ff3c343a75.jpg,sports,roller skating,63,14,89,0.550561797752809,0.707865168539326,676.281690140845
a88dd69d1b786a6f.jpg,sports,rugby,67,12,79,0.69620253164557,0.848101265822785,672.153846153846
a8feca346e12cda2.jpg,sports,roller skating,99,18,152,0.532894736842105,0.651315789473684,674.177570093458
ab559258b93a2f38.jpg,sports,rugby,58,16,78,0.538461538461538,0.743589743589744,685.970149253731
abfe2c7d1a3c1aa5.jpg,landscape,lake,73,30,88,0.488636363636364,0.829545454545455,670.917525773196
ac260e25915895d8.jpg,sports,figure skating,58,7,71,0.71830985915493,0.816901408450704,693.196428571429
ac3390421ba8e3dc.jpg,landscape,badlands,130,19,160,0.69375,0.8125,652.702898550725
ac36d564ad0b93e1.jpg,sports,gymnastics,52,3,73,0.671232876712329,0.712328767123288,742.019230769231
ac7c8233108052d9.jpg,sports,rugby,45,9,73,0.493150684931507,0.616438356164384,711.490196078431
ac879fc4fd66b750.jpg,landscape,snowscape,66,13,86,0.616279069767442,0.767441860465116,606.586666666667
aca62414dbfc6952.jpg,landscape,jungle,39,4,69,0.507246376811594,0.565217391304348,687.473684210526
acb9398303757285.jpg,landscape,badlands,73,5,80,0.85,0.9125,669.520547945206
ad4514d57db0f8cf.jpg,landscape,plantation,55,7,73,0.657534246575342,0.753424657534247,660.133333333333
adc560d6428b46e8.jpg,sports,roller skating,51,27,82,0.292682926829268,0.621951219512195,679.684931506849
add38d99e9139ee7.jpg,landscape,wetland,61,12,78,0.628205128205128,0.782051282051282,660.808823529412
aeae192fcdc7715e.jpg,sports,ice hockey,126,52,163,0.45398773006135,0.773006134969325,663.343195266272
b18ef29283a729de.jpg,sports,bicycling racing,59,8,76,0.671052631578947,0.776315789473684,691.435483870968
b34d65c99982dfe3.jpg,sports,roller skating,47,17,74,0.405405405405405,0.635135135135135,708
b473f6b302b8ece8.jpg,landscape,creek,91,28,153,0.411764705882353,0.594771241830065,690.122807017544
b5d4d36dc92c682e.jpg,sports,rowing,55,5,67,0.746268656716418,0.82089552238806,641.64406779661
b758d8693bf30491.jpg,sports,roller skating,56,13,81,0.530864197530864,0.691358024691358,696.292307692308
b78fb2a194a80153.jpg,sports,field hockey,57,15,71,0.591549295774648,0.802816901408451,663.983870967742
b8aa260916f87c2b.jpg,sports,swimming,44,8,82,0.439024390243902,0.536585365853659,642.959183673469
bdee38873a2c3482.jpg,sports,roller skating,130,13,154,0.75974025974026,0.844155844155844,671.108695652174
bed06cb6b48579e5.jpg,sports,bicycling racing,41,9,71,0.450704225352113,0.577464788732394,592.893617021277
bf9ba042731cdcc2.jpg,sports,swimming,76,16,89,0.674157303370787,0.853932584269663,648.943820224719
c0c36892321e1c29.jpg,sports,japanese martial arts,71,8,83,0.759036144578313,0.855421686746988,654.818181818182
c147234e2c0f7629.jpg,sports,climbing,122,17,154,0.681818181818182,0.792207792207792,694.230769230769
c1a866badf03b36b.jpg,landscape,snowscape,55,15,77,0.519480519480519,0.714285714285714,655.136363636364
c4a0934f120565b0.jpg,sports,bicycling racing,52,16,71,0.507042253521127,0.732394366197183,672.222222222222
c7664b0fa8cf14c0.jpg,landscape,badlands,65,11,85,0.635294117647059,0.764705882352941,638.957746478873
c76fd1f8905308f5.jpg,sports,roller skating,62,11,93,0.548387096774194,0.666666666666667,673.471428571429
c995d61ef36e818c.jpg,sports,swimming,71,14,86,0.662790697674419,0.825581395348837,602.703703703704
c9f3254d7fc34b31.jpg,sports,karate,133,27,155,0.683870967741935,0.858064516129032,660.227272727273
cbdfc5549fd06095.jpg,sports,basketball,71,10,90,0.677777777777778,0.788888888888889,629.179487179487
ce604b31eae758ba.jpg,sports,ice hockey,63,15,90,0.533333333333333,0.7,629.921052631579
cf92e6a36023169e.jpg,sports,volleyball,56,19,88,0.420454545454546,0.636363636363636,647.8
d10f3cdbf37ff710.jpg,landscape,lake,53,13,89,0.449438202247191,0.595505617977528,635.114754098361
d30cf90f4d40cfcd.jpg,sports,ice hockey,131,45,156,0.551282051282051,0.83974358974359,665.870588235294
d4bfe00b896bae57.jpg,landscape,jungle,41,16,69,0.36231884057971,0.594202898550725,652.019230769231
d631ea99f1ce3ac7.jpg,sports,figure skating,77,6,82,0.865853658536585,0.939024390243902,628.75
d6686aeee94c1def.jpg,sports,roller skating,117,31,158,0.544303797468354,0.740506329113924,673.647482014389
d894f93f348d6eda.jpg,sports,ice hockey,60,6,88,0.613636363636364,0.681818181818182,682.101694915254
d8a84aa39b7cc0e2.jpg,sports,archery,81,8,89,0.820224719101124,0.910112359550562,656.6875
dab8b622490cfc61.jpg,sports,track and field,63,14,92,0.532608695652174,0.684782608695652,666.260869565217
dda166bd5f1b2fd4.jpg,sports,skiing,39,8,68,0.455882352941176,0.573529411764706,696.409090909091
de0930e766e1bc94.jpg,sports,climbing,144,16,164,0.780487804878049,0.878048780487805,685.039473684211
df1a1069546aaebe.jpg,landscape,snowscape,66,14,85,0.611764705882353,0.776470588235294,634.350649350649
df76ffc41182400a.jpg,landscape,creek,70,22,84,0.571428571428571,0.833333333333333,669.581395348837
e132f2e5610d9460.jpg,sports,climbing,73,9,86,0.744186046511628,0.848837209302326,628.730769230769
e2b2df4f57103176.jpg,sports,track and field,122,17,150,0.7,0.813333333333333,675.453125
e6e1ed037c79e70e.jpg,landscape,wetland,52,16,90,0.4,0.577777777777778,622.222222222222
e993f22917fba7f4.jpg,sports,fitness,75,6,88,0.784090909090909,0.852272727272727,705.697368421053
e9b2d88b44dc398f.jpg,landscape,creek,100,28,160,0.45,0.625,630.122950819672
ea22da2b9fa06829.jpg,sports,japanese martial arts,76,1,88,0.852272727272727,0.863636363636364,682.346666666667
eb2406b3c32c6eb4.jpg,sports,ice hockey,109,34,147,0.510204081632653,0.741496598639456,665.857142857143
ed4ccd8a49df17f4.jpg,landscape,plantation,42,7,69,0.507246376811594,0.608695652173913,640.4
ed9e6b9510cf8ef7.jpg,sports,ice hockey,55,8,77,0.61038961038961,0.714285714285714,692.59649122807
ee54fa153e633643.jpg,landscape,snowscape,104,22,155,0.529032258064516,0.670967741935484,712.344262295082
ee5a91b811a8ce3e.jpg,sports,karate,59,10,84,0.583333333333333,0.702380952380952,704.625
eefad9609b2e9edc.jpg,sports,japanese martial arts,87,10,149,0.516778523489933,0.583892617449664,669.010989010989
f3de0d72febbe17f.jpg,landscape,badlands,130,23,147,0.727891156462585,0.884353741496599,633.863945578231
f74d164595b68b3e.jpg,sports,climbing,54,9,73,0.616438356164384,0.73972602739726,715.310344827586
f8e3c139a7cf9807.jpg,sports,rugby,77,11,88,0.75,0.875,666.035714285714
n00439826_6636.jpg,sports,track and field,28,3,78,0.320512820512821,0.358974358974359,675.161290322581
n00439826_8642.jpg,sports,track and field,67,14,85,0.623529411764706,0.788235294117647,585.233766233766
n00440941_10444.jpg,sports,skiing,61,23,87,0.436781609195402,0.701149425287356,625.2
n00445351_13626.jpg,sports,rowing,68,9,89,0.662921348314607,0.764044943820225,700.54794520548
n00445351_4303.jpg,sports,rowing,75,9,87,0.758620689655172,0.862068965517241,604.066666666667
n00445351_7834.jpg,sports,rowing,117,12,149,0.704697986577181,0.785234899328859,630.702479338843
n00445351_8035.jpg,sports,rowing,65,6,83,0.710843373493976,0.783132530120482,680.596774193548
n00464894_10911.jpg,sports,golf,38,14,76,0.31578947368421,0.5,649.857142857143
n00464894_12096.jpg,sports,golf,54,19,85,0.411764705882353,0.635294117647059,677.522388059701
n00464894_12759.jpg,sports,golf,41,15,71,0.366197183098592,0.577464788732394,676.117647058824
n00464894_13590.jpg,sports,golf,55,19,89,0.404494382022472,0.617977528089888,643.884057971015
n00464894_13791.jpg,sports,golf,71,13,87,0.666666666666667,0.816091954022988,675.175675675676
n00468480_10557.jpg,sports,American football,85,5,154,0.519480519480519,0.551948051948052,709.952380952381
n00468480_10598.jpg,sports,American football,67,16,85,0.6,0.788235294117647,635.25641025641
n00468480_10961.jpg,sports,American football,47,10,82,0.451219512195122,0.573170731707317,661.921568627451
n00468480_2830.jpg,sports,American football,134,25,152,0.717105263157895,0.881578947368421,614.652777777778
n00468480_7583.jpg,sports,American football,96,18,153,0.509803921568627,0.627450980392157,639.908256880734
n00468480_7838.jpg,sports,American football,78,11,92,0.728260869565217,0.847826086956522,657.53488372093
n00468480_8890.jpg,sports,American football,58,12,86,0.534883720930232,0.674418604651163,650.151515151515
n00470966_18537.jpg,sports,rugby,51,22,72,0.402777777777778,0.708333333333333,665.134328358209
n00470966_20042.jpg,sports,rugby,49,15,74,0.45945945945946,0.662162162162162,666.451612903226
n00470966_22022.jpg,sports,rugby,115,31,143,0.587412587412587,0.804195804195804,648.867647058824
n00480993_10065.jpg,sports,basketball,51,16,87,0.402298850574713,0.586206896551724,667.875
n00480993_10619.jpg,sports,basketball,54,14,73,0.547945205479452,0.73972602739726,717.476190476191
n00480993_11381.jpg,sports,basketball,112,16,160,0.6,0.7,682.416666666667
n00480993_17313.jpg,sports,basketball,65,6,89,0.662921348314607,0.730337078651685,683.579710144928
n00480993_21017.jpg,sports,basketball,50,8,75,0.56,0.666666666666667,674.942307692308
n00480993_4180.jpg,sports,basketball,58,9,75,0.653333333333333,0.773333333333333,654.887096774194
n01514668_12187.jpg,animal,chicken,112,10,146,0.698630136986301,0.767123287671233,672.525423728814
n01514668_9003.jpg,animal,chicken,74,18,90,0.622222222222222,0.822222222222222,621.280898876405
n01514859_10423.jpg,animal,chicken,67,8,86,0.686046511627907,0.779069767441861,672.434782608696
n01791625_12948.jpg,animal,chicken,67,11,80,0.7,0.8375,673.708333333333
n01792640_14323.jpg,animal,chicken,67,3,73,0.876712328767123,0.917808219178082,619.15625
n01792640_19952.jpg,animal,chicken,66,11,81,0.679012345679012,0.814814814814815,638.945205479452
n01792640_2815.jpg,animal,chicken,141,18,159,0.773584905660377,0.886792452830189,684.844594594595
n01792640_8097.jpg,animal,chicken,42,7,67,0.522388059701493,0.626865671641791,648.953488372093
n01811909_10933.jpg,animal,pigeon,117,26,147,0.619047619047619,0.795918367346939,652.014492753623
n01811909_12270.jpg,animal,pigeon,136,29,159,0.672955974842767,0.855345911949686,630.407894736842
n01811909_1285.jpg,animal,pigeon,57,4,87,0.609195402298851,0.655172413793103,643.762711864407
n01811909_13059.jpg,animal,pigeon,136,27,153,0.712418300653595,0.888888888888889,615.516339869281
n01811909_4219.jpg,animal,pigeon,61,11,72,0.694444444444444,0.847222222222222,599.191176470588
n01811909_6448.jpg,animal,pigeon,55,17,69,0.550724637681159,0.797101449275362,657.492753623188
n01811909_7682.jpg,animal,pigeon,65,11,88,0.613636363636364,0.738636363636364,646.150684931507
n01811909_8202.jpg,animal,pigeon,73,12,86,0.709302325581395,0.848837209302326,632.9
n01811909_9110.jpg,animal,pigeon,72,10,87,0.71264367816092,0.827586206896552,656.605263157895
n01846331_13275.jpg,animal,duck,134,18,159,0.729559748427673,0.842767295597484,639.482993197279
n01846331_13568.jpg,animal,duck,39,7,72,0.444444444444444,0.541666666666667,732.372093023256
n01846331_14212.jpg,animal,duck,71,11,85,0.705882352941176,0.835294117647059,632.923076923077
n01846331_16461.jpg,animal,duck,114,15,146,0.678082191780822,0.780821917808219,663.116666666667
n01846331_17740.jpg,animal,duck,118,21,151,0.642384105960265,0.781456953642384,631.128787878788
n01846331_5668.jpg,animal,duck,70,8,87,0.71264367816092,0.804597701149425,661.666666666667
n01846331_6727.jpg,animal,duck,62,4,71,0.816901408450704,0.873239436619718,668.810344827586
n01846331_8880.jpg,animal,duck,71,6,86,0.755813953488372,0.825581395348837,654.621621621622
n02087551_12257.jpg,animal,dog,142,11,156,0.83974358974359,0.91025641025641,625.753521126761
n02092002_14320.jpg,animal,dog,68,10,84,0.69047619047619,0.80952380952381,658.746666666667
n02118333_10217.jpg,animal,fox,58,18,82,0.487804878048781,0.707317073170732,697.171428571429
n02118333_10468.jpg,animal,fox,66,19,86,0.546511627906977,0.767441860465116,645.421686746988
n02118333_12538.jpg,animal,fox,61,15,79,0.582278481012658,0.772151898734177,713.361111111111
n02118333_2023.jpg,animal,fox,74,18,87,0.64367816091954,0.850574712643678,624.227272727273
n02118333_2287.jpg,animal,fox,60,9,86,0.593023255813954,0.697674418604651,667.522388059702
n02118333_6480.jpg,animal,fox,68,18,85,0.588235294117647,0.8,669.506172839506
n02118333_6867.jpg,animal,fox,74,10,87,0.735632183908046,0.850574712643678,640.53164556962
n02118333_7588.jpg,animal,fox,128,15,152,0.743421052631579,0.842105263157895,677.323076923077
n02118333_8191.jpg,animal,fox,66,22,89,0.49438202247191,0.741573033707865,682.951219512195
n02129165_11516.jpg,animal,lion,75,3,88,0.818181818181818,0.852272727272727,698.328947368421
n02129165_13292.jpg,animal,lion,67,3,81,0.790123456790123,0.82716049382716,630.676470588235
n02129165_1456.jpg,animal,lion,50,3,85,0.552941176470588,0.588235294117647,705.75
n02129165_15707.jpg,animal,lion,52,3,66,0.742424242424242,0.787878787878788,679.094339622642
n02129165_17282.jpg,animal,lion,72,11,85,0.717647058823529,0.847058823529412,607.657534246575
n02129165_4588.jpg,animal,lion,68,14,78,0.692307692307692,0.871794871794872,636.1375
n02129165_709.jpg,animal,lion,60,12,71,0.676056338028169,0.845070422535211,675.666666666667
n02129165_743.jpg,animal,lion,54,5,74,0.662162162162162,0.72972972972973,651.698113207547
n02129165_911.jpg,animal,lion,77,17,88,0.681818181818182,0.875,638.225806451613
n02129165_992.jpg,animal,lion,70,5,82,0.792682926829268,0.853658536585366,600.185714285714
n02132136_7468.jpg,animal,bear,124,24,157,0.636942675159236,0.789808917197452,654.775362318841
n02132136_965.jpg,animal,bear,126,21,152,0.69078947368421,0.828947368421053,642.35
n02324045_17457.jpg,animal,rabbit,58,9,83,0.590361445783132,0.698795180722892,692.21875
n02324045_1847.jpg,animal,rabbit,55,21,74,0.45945945945946,0.743243243243243,631.602739726027
n02324045_22432.jpg,animal,rabbit,68,9,87,0.67816091954023,0.781609195402299,635.301369863014
n02324045_22810.jpg,animal,rabbit,48,14,78,0.435897435897436,0.615384615384615,653.389830508475
n02324045_28693.jpg,animal,rabbit,72,19,87,0.609195402298851,0.827586206896552,601.32183908046
n02324045_29163.jpg,animal,rabbit,66,18,82,0.585365853658537,0.804878048780488,636.421052631579
n02324045_30280.jpg,animal,rabbit,65,17,92,0.521739130434783,0.706521739130435,616.512820512821
n02324045_30879.jpg,animal,rabbit,107,17,151,0.596026490066225,0.708609271523179,649.882352941177
n02324045_3812.jpg,animal,rabbit,48,3,83,0.542168674698795,0.578313253012048,583.520833333333
n02332755_1242.jpg,animal,mouse,62,8,71,0.76056338028169,0.873239436619718,672.123076923077
n02332755_2388.jpg,animal,mouse,132,43,150,0.593333333333333,0.88,645.748466257669
n02332755_3073.jpg,animal,mouse,147,12,162,0.833333333333333,0.907407407407407,655.986754966887
n02332755_342.jpg,animal,mouse,71,11,83,0.72289156626506,0.855421686746988,630.194805194805
n02332755_4209.jpg,animal,mouse,51,8,84,0.511904761904762,0.607142857142857,680.071428571429
n02332755_528.jpg,animal,mouse,78,14,83,0.771084337349398,0.939759036144578,597.717647058824
n02332755_6877.jpg,animal,mouse,61,15,72,0.638888888888889,0.847222222222222,640.901408450704
n02332755_7430.jpg,animal,mouse,64,21,92,0.467391304347826,0.695652173913043,676.62962962963
n02332755_7916.jpg,animal,mouse,53,18,75,0.466666666666667,0.706666666666667,709.753623188406
n02332755_8491.jpg,animal,mouse,64,3,79,0.772151898734177,0.810126582278481,650.096774193548
n02342885_10821.jpg,animal,hamster,59,5,74,0.72972972972973,0.797297297297297,678.233333333333
n02342885_13036.jpg,animal,hamster,65,8,82,0.695121951219512,0.792682926829268,662.646153846154
n02342885_1313.jpg,animal,hamster,88,16,155,0.464516129032258,0.567741935483871,717.114583333333
n02342885_13398.jpg,animal,hamster,63,1,73,0.849315068493151,0.863013698630137,613.627118644068
n02342885_240.jpg,animal,hamster,100,9,152,0.598684210526316,0.657894736842105,649.295238095238
n02342885_4543.jpg,animal,hamster,75,16,92,0.641304347826087,0.815217391304348,601.576470588235
n02342885_5768.jpg,animal,hamster,71,6,86,0.755813953488372,0.825581395348837,755.69014084507
n02342885_6396.jpg,animal,hamster,128,19,157,0.694267515923567,0.815286624203822,635.801418439716
n02355227_12650.jpg,animal,squirrel,69,30,80,0.4875,0.8625,614.284210526316
n02355227_12746.jpg,animal,squirrel,61,8,86,0.616279069767442,0.709302325581395,690.19696969697
n02355227_13518.jpg,animal,squirrel,69,6,85,0.741176470588235,0.811764705882353,630.19696969697
n02355227_14189.jpg,animal,squirrel,76,21,86,0.63953488372093,0.883720930232558,615.3
n02355227_14685.jpg,animal,squirrel,135,55,154,0.519480519480519,0.876623376623376,608.792349726776
n02355227_15347.jpg,animal,squirrel,74,17,89,0.640449438202247,0.831460674157303,636.505747126437
n02355227_15913.jpg,animal,squirrel,129,21,153,0.705882352941176,0.843137254901961,624.55
n02355227_2164.jpg,animal,squirrel,74,11,88,0.715909090909091,0.840909090909091,665.772151898734
n02355227_8561.jpg,animal,squirrel,58,6,77,0.675324675324675,0.753246753246753,671.483870967742
n02396427_10489.jpg,animal,wild boar,71,7,86,0.744186046511628,0.825581395348837,696.893333333333
n02396427_15258.jpg,animal,wild boar,56,17,71,0.549295774647887,0.788732394366197,617.661538461539
n02396427_16759.jpg,animal,wild boar,76,14,85,0.729411764705882,0.894117647058824,635.988505747126
n02396427_18185.jpg,animal,wild boar,57,10,66,0.712121212121212,0.863636363636364,634.338709677419
n02396427_19458.jpg,animal,wild boar,130,17,157,0.719745222929936,0.828025477707006,658.359154929577
n02396427_20572.jpg,animal,wild boar,100,23,159,0.484276729559748,0.628930817610063,730.743362831858
n02396427_23932.jpg,animal,wild boar,42,5,84,0.440476190476191,0.5,719.568181818182
n02396427_4200.jpg,animal,wild boar,55,10,70,0.642857142857143,0.785714285714286,619.338983050847
n02396427_768.jpg,animal,wild boar,125,19,147,0.72108843537415,0.850340136054422,685.427536231884
n02396427_941.jpg,animal,wild boar,52,22,79,0.379746835443038,0.658227848101266,649.442857142857
n02430045_4014.jpg,animal,deer,65,21,85,0.517647058823529,0.764705882352941,651.19512195122
n02430045_4240.jpg,animal,deer,67,8,90,0.655555555555556,0.744444444444444,610.385714285714
n02430045_5804.jpg,animal,deer,117,17,147,0.680272108843537,0.795918367346939,657.280991735537
n02431337_2676.jpg,animal,deer,58,11,75,0.626666666666667,0.773333333333333,613.805970149254
n02431441_12391.jpg,animal,deer,50,15,83,0.421686746987952,0.602409638554217,656.684210526316
n02431628_3572.jpg,animal,deer,62,12,87,0.574712643678161,0.71264367816092,644.955882352941
n02431628_6620.jpg,animal,deer,56,11,86,0.523255813953488,0.651162790697674,651.772727272727
n02431785_3863.jpg,animal,deer,51,13,73,0.520547945205479,0.698630136986301,667.916666666667
n02432983_13135.jpg,animal,deer,111,27,149,0.563758389261745,0.74496644295302,626.962962962963
n02432983_7830.jpg,animal,deer,63,12,83,0.614457831325301,0.759036144578313,644.361111111111
n02450034_10783.jpg,animal,marten,69,6,82,0.768292682926829,0.841463414634146,642.180555555556
n02450034_11093.jpg,animal,marten,62,10,84,0.619047619047619,0.738095238095238,705.614285714286
n02450034_11655.jpg,animal,marten,41,5,76,0.473684210526316,0.539473684210526,716.636363636364
n02450034_13271.jpg,animal,marten,53,7,82,0.560975609756098,0.646341463414634,700.035087719298
n02450034_13701.jpg,animal,marten,64,12,89,0.584269662921348,0.719101123595506,637.521739130435
n02450034_14176.jpg,animal,marten,65,15,87,0.574712643678161,0.747126436781609,612.986301369863
n02450034_4660.jpg,animal,marten,65,14,84,0.607142857142857,0.773809523809524,660.693333333333
n02450034_5956.jpg,animal,marten,76,8,153,0.444444444444444,0.496732026143791,701.926829268293
n02450034_979.jpg,animal,marten,69,9,85,0.705882352941176,0.811764705882353,653.287671232877
n02691156_10151.jpg,vehicle,airplane,50,9,77,0.532467532467532,0.649350649350649,747.759259259259
n02691156_3785.jpg,vehicle,airplane,55,9,89,0.51685393258427,0.617977528089888,660.966666666667
n02691156_5942.jpg,vehicle,airplane,113,8,155,0.67741935483871,0.729032258064516,663.734513274336
n02793495_1349.jpg,landscape,barn,48,9,86,0.453488372093023,0.558139534883721,679.696428571429
n02793495_15347.jpg,landscape,barn,52,11,88,0.465909090909091,0.590909090909091,681.245901639344
n02793495_16251.jpg,landscape,barn,65,8,91,0.626373626373626,0.714285714285714,612.835820895522
n02793495_1647.jpg,landscape,barn,39,6,77,0.428571428571429,0.506493506493506,670.880952380952
n02793495_2078.jpg,landscape,barn,30,9,91,0.230769230769231,0.32967032967033,600.694444444444
n02793495_3852.jpg,landscape,barn,59,12,85,0.552941176470588,0.694117647058823,653.483870967742
n02793495_4187.jpg,landscape,barn,73,11,89,0.696629213483146,0.820224719101124,664.657894736842
n02793495_4712.jpg,landscape,barn,52,10,87,0.482758620689655,0.597701149425287,637.789473684211
n02793495_6042.jpg,landscape,barn,37,6,90,0.344444444444444,0.411111111111111,670.268292682927
n02793495_666.jpg,landscape,barn,39,7,74,0.432432432432432,0.527027027027027,674.976744186047
n02834778_11865.jpg,vehicle,bicycle,69,2,84,0.797619047619048,0.821428571428571,635.507462686567
n02834778_1895.jpg,vehicle,bicycle,68,14,90,0.6,0.755555555555556,609.054054054054
n02834778_1985.jpg,vehicle,bicycle,48,9,71,0.549295774647887,0.676056338028169,626
n02834778_3171.jpg,vehicle,bicycle,51,5,82,0.560975609756098,0.621951219512195,650.588235294118
n02834778_3958.jpg,vehicle,bicycle,59,7,84,0.619047619047619,0.702380952380952,734.15873015873
n02834778_4359.jpg,vehicle,bicycle,58,5,90,0.588888888888889,0.644444444444444,758.28813559322
n02834778_6712.jpg,vehicle,bicycle,140,21,164,0.725609756097561,0.853658536585366,640.622516556291
n02834778_7050.jpg,vehicle,bicycle,66,6,73,0.821917808219178,0.904109589041096,600.492537313433
n02878222_11521.jpg,vehicle,freighter,48,5,69,0.623188405797101,0.695652173913043,683.603773584906
n02878222_1516.jpg,vehicle,freighter,87,11,150,0.506666666666667,0.58,652.225806451613
n02878222_21494.jpg,vehicle,freighter,118,13,157,0.668789808917197,0.751592356687898,672.132231404959
n02878222_3677.jpg,vehicle,freighter,64,21,92,0.467391304347826,0.695652173913043,677.9625
n02878222_48037.jpg,vehicle,freighter,61,15,89,0.51685393258427,0.685393258426966,595.849315068493
n02878222_49624.jpg,vehicle,freighter,57,6,90,0.566666666666667,0.633333333333333,668.296296296296
n02878222_49784.jpg,vehicle,freighter,51,2,87,0.563218390804598,0.586206896551724,655.686274509804
n02878222_50742.jpg,vehicle,freighter,62,12,83,0.602409638554217,0.746987951807229,601.651515151515
n02878222_5468.jpg,vehicle,freighter,64,12,85,0.611764705882353,0.752941176470588,669.263888888889
n02878222_6258.jpg,vehicle,freighter,63,17,87,0.528735632183908,0.724137931034483,659.942857142857
n02924116_73467.jpg,vehicle,bus,78,9,91,0.758241758241758,0.857142857142857,663.703703703704
n02924116_86325.jpg,vehicle,bus,49,2,73,0.643835616438356,0.671232876712329,611.31914893617
n02932891_15330.jpg,vehicle,pleasure boat,81,37,152,0.289473684210526,0.532894736842105,652.080357142857
n02932891_17656.jpg,vehicle,pleasure boat,57,16,81,0.506172839506173,0.703703703703704,660.515151515152
n02932891_22489.jpg,vehicle,pleasure boat,105,20,147,0.578231292517007,0.714285714285714,670.6
n02932891_28174.jpg,vehicle,pleasure boat,93,32,151,0.403973509933775,0.615894039735099,632.008620689655
n02932891_3352.jpg,vehicle,pleasure boat,44,12,70,0.457142857142857,0.628571428571429,651.37037037037
n02932891_3743.jpg,vehicle,pleasure boat,54,18,73,0.493150684931507,0.73972602739726,630.892307692308
n02934451_10876.jpg,vehicle,cable car,35,11,67,0.358208955223881,0.522388059701493,722.860465116279
n02934451_1210.jpg,vehicle,cable car,49,11,89,0.426966292134831,0.550561797752809,708.456140350877
n02934451_12189.jpg,vehicle,cable car,62,4,81,0.716049382716049,0.765432098765432,685.564516129032
n02934451_20914.jpg,vehicle,cable car,51,9,71,0.591549295774648,0.71830985915493,646.237288135593
n02934451_5019.jpg,vehicle,cable car,68,1,87,0.770114942528736,0.781609195402299,706.746031746032
n02934451_8034.jpg,vehicle,cable car,41,7,72,0.472222222222222,0.569444444444444,703.36170212766
n03351262_13855.jpg,vehicle,fishing boat,44,11,70,0.471428571428571,0.628571428571429,611.259259259259
n03351262_1451.jpg,vehicle,fishing boat,46,12,74,0.45945945945946,0.621621621621622,677.482142857143
n03351262_1454.jpg,vehicle,fishing boat,52,15,76,0.486842105263158,0.68421052631579,633.015384615385
n03351262_2266.jpg,vehicle,fishing boat,58,19,83,0.469879518072289,0.698795180722892,653.666666666667
n03351262_341.jpg,vehicle,fishing boat,54,6,86,0.558139534883721,0.627906976744186,611.927272727273
n03351262_4056.jpg,vehicle,fishing boat,72,23,86,0.569767441860465,0.837209302325581,597.034482758621
n03351262_4636.jpg,vehicle,fishing boat,54,9,81,0.555555555555556,0.666666666666667,583.169491525424
n03512147_1448.jpg,vehicle,helicopter,39,7,70,0.457142857142857,0.557142857142857,702.046511627907
n03512147_2076.jpg,vehicle,helicopter,57,15,73,0.575342465753425,0.780821917808219,657.492537313433
n03512147_231.jpg,vehicle,helicopter,61,12,71,0.690140845070423,0.859154929577465,668.402777777778
n03512147_438.jpg,vehicle,helicopter,54,16,74,0.513513513513513,0.72972972972973,646.367647058824
n03512147_5493.jpg,vehicle,helicopter,49,8,67,0.611940298507463,0.73134328358209,689.222222222222
n03512147_5820.jpg,vehicle,helicopter,66,19,80,0.5875,0.825,728.325301204819
n03512147_607.jpg,vehicle,helicopter,56,11,72,0.625,0.777777777777778,657.287878787879
n03512147_6403.jpg,vehicle,helicopter,65,11,85,0.635294117647059,0.764705882352941,662.957746478873
n03541923_1152.jpg,vehicle,hot-air balloon,67,2,76,0.855263157894737,0.881578947368421,672.68253968254
n03541923_1646.jpg,vehicle,hot-air balloon,58,11,88,0.534090909090909,0.659090909090909,677.757575757576
n03541923_1834.jpg,vehicle,hot-air balloon,59,4,75,0.733333333333333,0.786666666666667,618.885245901639
n03541923_1963.jpg,vehicle,hot-air balloon,73,11,88,0.704545454545455,0.829545454545455,620.395061728395
n03541923_2351.jpg,vehicle,hot-air balloon,57,12,65,0.692307692307692,0.876923076923077,591.645161290323
n03541923_2426.jpg,vehicle,hot-air balloon,121,7,156,0.730769230769231,0.775641025641026,618.816666666667
n03541923_2537.jpg,vehicle,hot-air balloon,46,7,78,0.5,0.58974358974359,692.66
n03541923_3253.jpg,vehicle,hot-air balloon,60,12,71,0.676056338028169,0.845070422535211,614.857142857143
n03541923_3691.jpg,vehicle,hot-air balloon,63,11,79,0.658227848101266,0.79746835443038,624.530303030303
n03594945_12636.jpg,vehicle,SUV,47,4,72,0.597222222222222,0.652777777777778,696.163265306122
n03594945_15593.jpg,vehicle,SUV,40,4,72,0.5,0.555555555555556,706.725
n03594945_20468.jpg,vehicle,SUV,51,5,87,0.528735632183908,0.586206896551724,655.235294117647
n03594945_22594.jpg,vehicle,SUV,50,10,69,0.579710144927536,0.72463768115942,650.054545454545
n03594945_6393.jpg,vehicle,SUV,41,10,76,0.407894736842105,0.539473684210526,724.48
n03594945_6543.jpg,vehicle,SUV,98,15,147,0.564625850340136,0.666666666666667,638.04854368932
n03594945_9076.jpg,vehicle,SUV,48,7,68,0.602941176470588,0.705882352941176,647.78431372549
n03634034_2423.jpg,landscape,lake,35,1,70,0.485714285714286,0.5,713.611111111111
n03634034_3909.jpg,landscape,lake,43,3,71,0.563380281690141,0.605633802816901,703.95
n03634034_7799.jpg,landscape,lake,53,5,82,0.585365853658537,0.646341463414634,650.66
n03634034_7886.jpg,landscape,lake,52,11,85,0.482352941176471,0.611764705882353,651.627118644068
n03670208_10575.jpg,vehicle,limousine,43,2,86,0.476744186046512,0.5,641.078947368421
n03670208_11267.jpg,vehicle,limousine,68,6,85,0.729411764705882,0.8,651.028571428572
n03670208_12165.jpg,vehicle,limousine,35,6,73,0.397260273972603,0.47945205479452,745.179487179487
n03670208_13015.jpg,vehicle,limousine,70,13,74,0.77027027027027,0.945945945945946,671.925
n03670208_25070.jpg,vehicle,limousine,71,6,90,0.722222222222222,0.788888888888889,620.985915492958
n03670208_3267.jpg,vehicle,limousine,57,8,75,0.653333333333333,0.76,683.793103448276
n03670208_36693.jpg,vehicle,limousine,51,20,75,0.413333333333333,0.68,670.686567164179
n03670208_5002.jpg,vehicle,limousine,34,4,70,0.428571428571429,0.485714285714286,801.694444444444
n03670208_5727.jpg,vehicle,limousine,67,13,82,0.658536585365854,0.817073170731707,660.493150684932
n03670208_5831.jpg,vehicle,limousine,52,4,67,0.716417910447761,0.776119402985075,645.075471698113
n03790512_11024.jpg,vehicle,motorcycle,120,15,148,0.709459459459459,0.810810810810811,663.992307692308
n03790512_3266.jpg,vehicle,motorcycle,63,8,72,0.763888888888889,0.875,709.348484848485
n03790512_5732.jpg,vehicle,motorcycle,50,9,70,0.585714285714286,0.714285714285714,655.592592592593
n04166281_11360.jpg,vehicle,car,55,8,79,0.594936708860759,0.69620253164557,710.236363636364
n04166281_1303.jpg,vehicle,car,57,3,85,0.635294117647059,0.670588235294118,694.898305084746
n04166281_4756.jpg,vehicle,car,105,17,151,0.582781456953642,0.695364238410596,635.522123893805
n04166281_5699.jpg,vehicle,car,75,9,91,0.725274725274725,0.824175824175824,638.24
n04166281_6626.jpg,vehicle,car,60,7,78,0.67948717948718,0.769230769230769,683.245901639344
n04231693_19772.jpg,vehicle,cable car,52,18,80,0.425,0.65,684.709677419355
n04231693_22574.jpg,vehicle,cable car,54,9,78,0.576923076923077,0.692307692307692,687.59649122807
n04231693_24470.jpg,vehicle,cable car,63,9,87,0.620689655172414,0.724137931034483,678.7
n04231693_3038.jpg,vehicle,cable car,56,17,93,0.419354838709678,0.602150537634409,670.943661971831
n04252077_1066.jpg,vehicle,snowmobile,50,3,89,0.528089887640449,0.561797752808989,700.8
n04252077_1557.jpg,vehicle,snowmobile,59,10,83,0.590361445783132,0.710843373493976,667.245901639344
n04252077_3698.jpg,vehicle,snowmobile,52,6,75,0.613333333333333,0.693333333333333,686.833333333333
n04252077_41.jpg,vehicle,snowmobile,71,17,150,0.36,0.473333333333333,683.352272727273
n04252077_4506.jpg,vehicle,snowmobile,59,9,84,0.595238095238095,0.702380952380952,674.166666666667
n04252077_6724.jpg,vehicle,snowmobile,61,9,89,0.584269662921348,0.685393258426966,687.939393939394
n04252077_6769.jpg,vehicle,snowmobile,66,16,85,0.588235294117647,0.776470588235294,642.466666666667
n04349306_11159.jpg,vehicle,subway train,48,3,84,0.535714285714286,0.571428571428571,634.916666666667
n04349306_12251.jpg,vehicle,subway train,80,11,87,0.793103448275862,0.919540229885058,663.867469879518
n04349306_2021.jpg,vehicle,subway train,71,14,83,0.686746987951807,0.855421686746988,664.876543209877
n04349306_4552.jpg,vehicle,subway train,58,3,77,0.714285714285714,0.753246753246753,637.724137931035
n04349306_4982.jpg,vehicle,subway train,51,13,75,0.506666666666667,0.68,685.561403508772
n04349306_5170.jpg,vehicle,subway train,71,8,87,0.724137931034483,0.816091954022988,632.078947368421
n04349306_6258.jpg,vehicle,subway train,64,12,85,0.611764705882353,0.752941176470588,629.597222222222
n04349306_8198.jpg,vehicle,subway train,137,6,155,0.845161290322581,0.883870967741935,658.671755725191
n04465501_13294.jpg,vehicle,tractor,101,20,147,0.551020408163265,0.687074829931973,665.769230769231
n04465501_2331.jpg,vehicle,tractor,47,10,69,0.536231884057971,0.681159420289855,666.714285714286
n04465501_3381.jpg,vehicle,tractor,74,7,87,0.770114942528736,0.850574712643678,597.341772151899
n04465501_4403.jpg,vehicle,tractor,59,11,77,0.623376623376623,0.766233766233766,633.970588235294
n04465501_4463.jpg,vehicle,tractor,44,7,74,0.5,0.594594594594595,693.224489795918
n04465501_473.jpg,vehicle,tractor,60,19,76,0.539473684210526,0.789473684210526,636.666666666667
n04465501_477.jpg,vehicle,tractor,55,8,70,0.671428571428571,0.785714285714286,660.913793103448
n04465501_7485.jpg,vehicle,tractor,46,8,64,0.59375,0.71875,689.153846153846
n04467665_10671.jpg,vehicle,truck,55,11,76,0.578947368421053,0.723684210526316,631.539682539683
n04467665_1174.jpg,vehicle,truck,52,3,87,0.563218390804598,0.597701149425287,721.191489361702
n04467665_31059.jpg,vehicle,truck,70,8,87,0.71264367816092,0.804597701149425,687.633802816901
n04467665_39726.jpg,vehicle,truck,79,14,151,0.43046357615894,0.52317880794702,702.352941176471
n04467665_43419.jpg,vehicle,truck,59,5,89,0.606741573033708,0.662921348314607,655.238095238095
n04467665_48953.jpg,vehicle,truck,97,12,159,0.534591194968553,0.610062893081761,648.960784313726
n04467665_50806.jpg,vehicle,truck,67,11,92,0.608695652173913,0.728260869565217,625.352112676056
n04587559_10635.jpg,landscape,windmill,63,17,83,0.55421686746988,0.759036144578313,621.28
n04587559_10799.jpg,landscape,windmill,64,21,89,0.48314606741573,0.719101123595506,667.7
n04587559_10908.jpg,landscape,windmill,46,14,85,0.376470588235294,0.541176470588235,648.175438596491
n04587559_11217.jpg,landscape,windmill,44,14,76,0.394736842105263,0.578947368421053,692.176470588235
n04587559_11219.jpg,landscape,windmill,44,4,71,0.563380281690141,0.619718309859155,639.581395348837
n04587559_11228.jpg,landscape,windmill,115,9,145,0.731034482758621,0.793103448275862,652.991525423729
n04587559_11280.jpg,landscape,windmill,49,10,85,0.458823529411765,0.576470588235294,686.542372881356
n04587559_11298.jpg,landscape,windmill,52,6,86,0.534883720930232,0.604651162790698,664.333333333333
n04587559_11329.jpg,landscape,windmill,105,27,151,0.516556291390728,0.695364238410596,675.714285714286
n04587559_11777.jpg,landscape,windmill,71,12,89,0.662921348314607,0.797752808988764,637.075949367089
n07583197_1429.jpg,food,soup,65,6,71,0.830985915492958,0.915492957746479,625.268656716418
n07583197_3923.jpg,food,soup,59,9,72,0.694444444444444,0.819444444444444,632.338709677419
n07583197_5587.jpg,food,soup,71,9,90,0.688888888888889,0.788888888888889,673.661971830986
n07583197_5599.jpg,food,soup,60,10,76,0.657894736842105,0.789473684210526,662.884057971015
n07583197_6383.jpg,food,soup,58,6,73,0.712328767123288,0.794520547945205,698.542372881356
n07583197_6491.jpg,food,soup,134,25,153,0.712418300653595,0.875816993464052,627.938356164384
n07583197_6797.jpg,food,soup,71,7,85,0.752941176470588,0.835294117647059,689.630136986301
n07583197_6829.jpg,food,soup,51,7,74,0.594594594594595,0.689189189189189,755.169811320755
n07583197_6874.jpg,food,soup,81,9,92,0.782608695652174,0.880434782608696,662.458823529412
n07594066_4626.jpg,food,cake,48,6,71,0.591549295774648,0.676056338028169,625.833333333333
n07654148_12782.jpg,food,barbecue,39,9,74,0.405405405405405,0.527027027027027,684.217391304348
n07654148_13583.jpg,food,barbecue,72,5,82,0.817073170731707,0.878048780487805,665.746666666667
n07654148_16788.jpg,food,barbecue,56,4,85,0.611764705882353,0.658823529411765,671.892857142857
n07654148_16882.jpg,food,barbecue,58,5,84,0.630952380952381,0.69047619047619,670.586206896552
n07654148_17137.jpg,food,barbecue,57,5,74,0.702702702702703,0.77027027027027,660.75
n07654148_18307.jpg,food,barbecue,76,10,88,0.75,0.863636363636364,624.8
n07654148_18446.jpg,food,barbecue,76,7,85,0.811764705882353,0.894117647058824,663.653846153846
n07654148_21465.jpg,food,barbecue,57,17,73,0.547945205479452,0.780821917808219,629.520547945206
n07679356_23999.jpg,food,bread,137,22,153,0.751633986928105,0.895424836601307,658.790849673203
n07679356_26410.jpg,food,bread,69,8,86,0.709302325581395,0.802325581395349,680.213333333333
n07679356_26486.jpg,food,bread,66,8,75,0.773333333333333,0.88,620.661971830986
n07679356_46911.jpg,food,bread,69,10,74,0.797297297297297,0.932432432432432,644.891891891892
n07680932_16996.jpg,food,bread,73,9,87,0.735632183908046,0.839080459770115,588.675
n07680932_19004.jpg,food,bread,63,13,86,0.581395348837209,0.732558139534884,632.767123287671
n07680932_33577.jpg,food,bread,76,20,90,0.622222222222222,0.844444444444444,638.727272727273
n07680932_3803.jpg,food,bread,75,5,87,0.804597701149425,0.862068965517241,632.410256410256
n07690273_20374.jpg,food,muffin,50,15,69,0.507246376811594,0.72463768115942,630.457627118644
n07690273_21128.jpg,food,muffin,60,2,74,0.783783783783784,0.810810810810811,664.754385964912
n07690273_21379.jpg,food,muffin,56,8,65,0.738461538461539,0.861538461538462,679.622950819672
n07690273_21839.jpg,food,muffin,70,11,85,0.694117647058823,0.823529411764706,644.053333333333
n07690273_22163.jpg,food,muffin,70,11,81,0.728395061728395,0.864197530864197,614.552631578947
n07690273_22169.jpg,food,muffin,64,6,77,0.753246753246753,0.831168831168831,670.461538461538
n07690273_23101.jpg,food,muffin,68,10,83,0.698795180722892,0.819277108433735,650.722222222222
n07693725_12334.jpg,food,bagel,53,9,69,0.63768115942029,0.768115942028985,651.40350877193
n07693725_13352.jpg,food,bagel,121,34,153,0.568627450980392,0.790849673202614,645.891891891892
n07693725_3177.jpg,food,bagel,70,6,75,0.853333333333333,0.933333333333333,608.089552238806
n07693725_3203.jpg,food,bagel,68,11,83,0.686746987951807,0.819277108433735,663.8
n07693725_3523.jpg,food,bagel,76,19,88,0.647727272727273,0.863636363636364,613.114942528736
n07693725_3536.jpg,food,bagel,68,8,86,0.697674418604651,0.790697674418605,718.263888888889
n07693725_6372.jpg,food,bagel,76,12,83,0.771084337349398,0.91566265060241,611.792682926829
n07693725_8131.jpg,food,bagel,78,5,87,0.839080459770115,0.896551724137931,598.329113924051
n07693725_8448.jpg,food,bagel,51,10,74,0.554054054054054,0.689189189189189,705.610169491525
n07696625_1403.jpg,food,sandwich,119,31,159,0.553459119496855,0.748427672955975,668.308823529412
n07696839_14469.jpg,food,sandwich,70,8,87,0.71264367816092,0.804597701149425,660.847222222222
n07697537_26124.jpg,food,hotdog,70,9,88,0.693181818181818,0.795454545454545,616.24
n07711569_1286.jpg,food,mashed potato,39,4,87,0.402298850574713,0.448275862068966,707.4
n07711569_1507.jpg,food,mashed potato,51,9,75,0.56,0.68,693.551724137931
n07711569_2344.jpg,food,mashed potato,74,8,88,0.75,0.840909090909091,668.883116883117
n07711569_3180.jpg,food,mashed potato,51,11,76,0.526315789473684,0.671052631578947,691.888888888889
n07711569_3317.jpg,food,mashed potato,74,7,80,0.8375,0.925,648.493150684932
n07711569_3492.jpg,food,mashed potato,103,20,149,0.557046979865772,0.691275167785235,720.08547008547
n07711569_417.jpg,food,mashed potato,61,8,91,0.582417582417582,0.67032967032967,650.761194029851
n07711569_5653.jpg,food,mashed potato,60,3,70,0.814285714285714,0.857142857142857,669
n07711569_5853.jpg,food,mashed potato,47,19,67,0.417910447761194,0.701492537313433,677.459016393443
n07711569_6001.jpg,food,mashed potato,128,12,154,0.753246753246753,0.831168831168831,652.045112781955
n07716358_10251.jpg,food,zucchini,75,4,88,0.806818181818182,0.852272727272727,657.891891891892
n07716358_11437.jpg,food,zucchini,65,9,85,0.658823529411765,0.764705882352941,666.478873239437
n07716358_12371.jpg,food,zucchini,121,12,152,0.717105263157895,0.796052631578947,645.290322580645
n07716358_15994.jpg,food,zucchini,83,6,86,0.895348837209302,0.965116279069768,630.023529411765
n07716358_16756.jpg,food,zucchini,134,36,148,0.662162162162162,0.905405405405405,645.764331210191
n07716358_3154.jpg,food,zucchini,85,16,91,0.758241758241758,0.934065934065934,622.707070707071
n07716358_8726.jpg,food,zucchini,89,10,93,0.849462365591398,0.956989247311828,638.34375
n07717556_1645.jpg,food,butternut squash,70,15,83,0.662650602409639,0.843373493975904,656.4125
n07717556_2777.jpg,food,butternut squash,76,4,86,0.837209302325581,0.883720930232558,605.56
n07717556_3650.jpg,food,butternut squash,64,6,70,0.828571428571429,0.914285714285714,719.129032258065
n07717556_4254.jpg,food,butternut squash,62,17,72,0.625,0.861111111111111,616.916666666667
n07717556_5513.jpg,food,butternut squash,44,9,75,0.466666666666667,0.586666666666667,688.74
n07717556_60.jpg,food,butternut squash,72,7,81,0.802469135802469,0.888888888888889,649.837837837838
n07717556_7101.jpg,food,butternut squash,66,15,73,0.698630136986301,0.904109589041096,660.5
n07717556_834.jpg,food,butternut squash,136,14,153,0.797385620915033,0.888888888888889,639.760563380282
n07720875_10162.jpg,food,bell pepper,53,6,67,0.701492537313433,0.791044776119403,663.879310344828
n07720875_1782.jpg,food,bell pepper,135,22,156,0.724358974358974,0.865384615384615,637.849673202614
n07720875_2238.jpg,food,bell pepper,72,6,88,0.75,0.818181818181818,650.391891891892
n07720875_5389.jpg,food,bell pepper,79,12,85,0.788235294117647,0.929411764705882,589.738095238095
n07720875_5791.jpg,food,bell pepper,132,22,156,0.705128205128205,0.846153846153846,647.839160839161
n07720875_7739.jpg,food,bell pepper,50,7,73,0.589041095890411,0.684931506849315,636.584905660377
n07720875_8234.jpg,food,bell pepper,63,4,76,0.776315789473684,0.828947368421053,674.238095238095
n07720875_8255.jpg,food,bell pepper,64,5,76,0.776315789473684,0.842105263157895,640.515151515152
n07753592_10906.jpg,food,banana,63,19,70,0.628571428571429,0.9,635.207792207792
n07753592_16211.jpg,food,banana,84,17,93,0.720430107526882,0.903225806451613,623.989583333333
n07753592_8891.jpg,food,banana,66,15,73,0.698630136986301,0.904109589041096,625.037974683544
n07801508_15792.jpg,food,cake,42,14,73,0.383561643835616,0.575342465753425,637.923076923077
n07801508_1807.jpg,food,cake,72,12,81,0.740740740740741,0.888888888888889,660.182926829268
n07801508_2105.jpg,food,cake,83,13,92,0.760869565217391,0.902173913043478,656.711111111111
n07801508_3335.jpg,food,cake,147,18,164,0.786585365853659,0.896341463414634,652.270440251572
n07801508_4242.jpg,food,cake,131,17,156,0.730769230769231,0.83974358974359,648.029197080292
n07801508_7358.jpg,food,cake,73,3,83,0.843373493975904,0.879518072289157,650.093333333333
n07806221_21271.jpg,food,salad,58,13,77,0.584415584415584,0.753246753246753,672.741935483871
n07806221_21594.jpg,food,salad,52,19,71,0.464788732394366,0.732394366197183,641.590909090909
n07806221_22340.jpg,food,salad,55,12,70,0.614285714285714,0.785714285714286,652.590909090909
n07806221_22396.jpg,food,salad,54,16,82,0.463414634146341,0.658536585365854,674.969696969697
n07806221_23808.jpg,food,salad,54,4,85,0.588235294117647,0.635294117647059,700.982456140351
n07806221_24627.jpg,food,salad,64,7,86,0.662790697674419,0.744186046511628,637.227272727273
n07806221_25416.jpg,food,salad,46,6,75,0.533333333333333,0.613333333333333,655.568627450981
n07806221_33538.jpg,food,salad,108,26,147,0.557823129251701,0.73469387755102,604.714285714286
n07850329_19678.jpg,food,cheese,66,4,83,0.746987951807229,0.795180722891566,677.676923076923
n07850329_21202.jpg,food,cheese,61,10,74,0.689189189189189,0.824324324324324,646.30303030303
n07850329_24.jpg,food,cheese,61,9,67,0.776119402985075,0.91044776119403,709.655737704918
n07850329_29719.jpg,food,cheese,61,17,72,0.611111111111111,0.847222222222222,654.961038961039
n07850329_5631.jpg,food,cheese,132,23,152,0.717105263157895,0.868421052631579,691.286666666667
n07850329_8115.jpg,food,cheese,78,7,88,0.806818181818182,0.886363636363636,644.802631578947
n07850329_9140.jpg,food,cheese,38,3,71,0.492957746478873,0.535211267605634,753.35
n07850329_9287.jpg,food,cheese,56,1,86,0.63953488372093,0.651162790697674,715.555555555556
n07863374_15623.jpg,food,pasta,56,19,80,0.4625,0.7,663.10447761194
n07863374_15968.jpg,food,pasta,54,5,68,0.720588235294118,0.794117647058823,662.912280701754
n07863374_16147.jpg,food,pasta,59,6,76,0.697368421052632,0.776315789473684,682.852459016393
n07863374_16698.jpg,food,pasta,147,17,157,0.828025477707006,0.936305732484076,596.993464052288
n07863374_16763.jpg,food,pasta,68,4,83,0.771084337349398,0.819277108433735,637.880597014925
n07863374_17605.jpg,food,pasta,138,22,152,0.763157894736842,0.907894736842105,666.006451612903
n07863374_17687.jpg,food,pasta,46,4,74,0.567567567567568,0.621621621621622,721.897959183674
n07863374_18015.jpg,food,pasta,70,8,93,0.666666666666667,0.752688172043011,625.513888888889
n07863374_18711.jpg,food,pasta,64,5,72,0.819444444444444,0.888888888888889,600.52380952381
n07880968_155.jpg,food,burrito,144,19,151,0.827814569536424,0.95364238410596,645.533333333333
n07880968_2090.jpg,food,burrito,75,9,91,0.725274725274725,0.824175824175824,693.246753246753
n07880968_241.jpg,food,burrito,65,9,78,0.717948717948718,0.833333333333333,658.666666666667
n07880968_2787.jpg,food,burrito,60,17,80,0.5375,0.75,660.58904109589
n07880968_2967.jpg,food,burrito,62,14,90,0.533333333333333,0.688888888888889,685.621621621622
n07880968_403.jpg,food,burrito,59,22,69,0.536231884057971,0.855072463768116,649.371794871795
n07880968_4256.jpg,food,burrito,63,18,76,0.592105263157895,0.828947368421053,659.556962025316
n07880968_5202.jpg,food,burrito,62,6,74,0.756756756756757,0.837837837837838,692.940298507463
n07923748_1310.jpg,food,juice,44,9,77,0.454545454545455,0.571428571428571,689.979591836735
n07923748_1476.jpg,food,juice,99,12,150,0.58,0.66,627.607843137255
n07923748_1538.jpg,food,juice,132,23,152,0.717105263157895,0.868421052631579,623.442176870748
n07923748_17150.jpg,food,juice,130,16,154,0.74025974025974,0.844155844155844,644.689393939394
n07923748_19364.jpg,food,juice,60,10,75,0.666666666666667,0.8,670.544117647059
n07923748_2669.jpg,food,juice,72,5,80,0.8375,0.9,623.885714285714
n07923748_712.jpg,food,juice,62,7,76,0.723684210526316,0.81578947368421,692.538461538462
n07923748_7187.jpg,food,juice,73,5,86,0.790697674418605,0.848837209302326,636.042253521127
n07929519_31504.jpg,food,coffee,69,7,86,0.72093023255814,0.802325581395349,613.242857142857
n07929519_32188.jpg,food,coffee,45,2,72,0.597222222222222,0.625,676.955555555556
n07929519_32468.jpg,food,coffee,48,4,76,0.578947368421053,0.631578947368421,598.714285714286
n07929519_32767.jpg,food,coffee,116,14,155,0.658064516129032,0.748387096774194,651.909090909091
n07929519_33050.jpg,food,coffee,69,7,74,0.837837837837838,0.932432432432432,661.888888888889
n07929519_33855.jpg,food,coffee,77,7,85,0.823529411764706,0.905882352941176,640.302631578947
n07929519_33894.jpg,food,coffee,72,4,85,0.8,0.847058823529412,633.43661971831
n07929519_38930.jpg,food,coffee,125,21,153,0.679738562091503,0.816993464052288,587.264705882353
n07933274_29781.jpg,food,tea,69,4,88,0.738636363636364,0.784090909090909,652.4
n07933274_29941.jpg,food,tea,65,7,87,0.666666666666667,0.747126436781609,636.367647058824
n07933274_30075.jpg,food,tea,64,14,71,0.704225352112676,0.901408450704225,611.246575342466
n07933274_30243.jpg,food,tea,59,4,71,0.774647887323944,0.830985915492958,716.672413793104
n07933274_30681.jpg,food,tea,70,7,77,0.818181818181818,0.909090909090909,595.013698630137
n07933274_31611.jpg,food,tea,71,5,86,0.767441860465116,0.825581395348837,640.753424657534
n07933274_32238.jpg,food,tea,55,9,87,0.528735632183908,0.632183908045977,677.724137931035
n07933274_32615.jpg,food,tea,61,6,84,0.654761904761905,0.726190476190476,706.68253968254
n07933274_33706.jpg,food,tea,78,9,86,0.802325581395349,0.906976744186046,613.1625
n07933274_33970.jpg,food,tea,77,4,86,0.848837209302326,0.895348837209302,675.85
n09217230_10187.jpg,landscape,shore,53,2,74,0.689189189189189,0.716216216216216,701.490196078431
n09217230_11848.jpg,landscape,shore,26,7,79,0.240506329113924,0.329113924050633,719.354838709677
n09217230_2843.jpg,landscape,shore,54,4,80,0.625,0.675,654.075471698113
n09217230_4382.jpg,landscape,shore,49,8,79,0.518987341772152,0.620253164556962,732.181818181818
n09217230_469.jpg,landscape,shore,49,5,78,0.564102564102564,0.628205128205128,669.88
n09217230_6184.jpg,landscape,shore,57,8,75,0.653333333333333,0.76,595.883333333333
n09270735_10593.jpg,landscape,desert,65,5,85,0.705882352941176,0.764705882352941,680.363636363636
n09270735_11686.jpg,landscape,desert,129,8,147,0.82312925170068,0.877551020408163,643.322834645669
n09270735_19117.jpg,landscape,desert,81,19,154,0.402597402597403,0.525974025974026,648.760416666667
n09270735_23003.jpg,landscape,desert,45,13,75,0.426666666666667,0.6,662.607142857143
n09270735_31455.jpg,landscape,desert,33,4,81,0.358024691358025,0.407407407407407,618.852941176471
n09270735_3215.jpg,landscape,desert,57,5,85,0.611764705882353,0.670588235294118,607.526315789474
n09270735_8128.jpg,landscape,desert,52,9,64,0.671875,0.8125,635.267857142857
n09288635_11393.jpg,landscape,geyser,51,20,76,0.407894736842105,0.671052631578947,662.119402985075
n09288635_11789.jpg,landscape,geyser,62,21,75,0.546666666666667,0.826666666666667,648.315789473684
n09288635_13284.jpg,landscape,geyser,119,29,162,0.555555555555556,0.734567901234568,686.222222222222
n09288635_13412.jpg,landscape,geyser,36,5,93,0.333333333333333,0.387096774193548,718.682926829268
n09288635_13817.jpg,landscape,geyser,54,9,70,0.642857142857143,0.771428571428571,665.322580645161
n09288635_1801.jpg,landscape,geyser,54,14,68,0.588235294117647,0.794117647058823,674.212121212121
n09288635_1990.jpg,landscape,geyser,45,11,86,0.395348837209302,0.523255813953488,710.928571428572
n09288635_23563.jpg,landscape,geyser,42,13,75,0.386666666666667,0.56,685.528301886792
n09288635_25124.jpg,landscape,geyser,50,16,77,0.441558441558442,0.649350649350649,680.783333333333
n09288635_3879.jpg,landscape,geyser,50,10,72,0.555555555555556,0.694444444444444,731.232142857143
n09289331_1102.jpg,landscape,icescape,99,20,147,0.537414965986395,0.673469387755102,641.171171171171
n09289331_5012.jpg,landscape,icescape,50,15,74,0.472972972972973,0.675675675675676,590.967213114754
n09289331_6878.jpg,landscape,icescape,40,9,87,0.35632183908046,0.459770114942529,705.68085106383
n09303008_22139.jpg,landscape,mountain,73,9,86,0.744186046511628,0.848837209302326,633.379746835443
n09303008_920.jpg,landscape,mountain,46,17,76,0.381578947368421,0.605263157894737,686.491803278689
n09308572_1522.jpg,landscape,icescape,124,22,151,0.675496688741722,0.821192052980132,655.716312056738
n09308572_1766.jpg,landscape,icescape,57,5,85,0.611764705882353,0.670588235294118,726.035714285714
n09308572_1832.jpg,landscape,icescape,47,12,75,0.466666666666667,0.626666666666667,700.363636363636
n09308572_2910.jpg,landscape,icescape,67,29,87,0.436781609195402,0.770114942528736,690.846153846154
n09308572_4185.jpg,landscape,icescape,73,18,84,0.654761904761905,0.869047619047619,607.720930232558
n09308572_4562.jpg,landscape,icescape,62,11,76,0.671052631578947,0.81578947368421,640.085714285714
n09308572_627.jpg,landscape,icescape,73,12,87,0.701149425287356,0.839080459770115,688.58024691358
n09359803_20911.jpg,landscape,mountain,53,12,87,0.471264367816092,0.609195402298851,641.984126984127
n09359803_26838.jpg,landscape,mountain,36,10,70,0.371428571428571,0.514285714285714,635.441860465116
n09359803_27560.jpg,landscape,mountain,85,13,149,0.483221476510067,0.570469798657718,696.742268041237
n09359803_29193.jpg,landscape,mountain,40,11,69,0.420289855072464,0.579710144927536,657.888888888889
n09359803_29305.jpg,landscape,mountain,43,8,70,0.5,0.614285714285714,580.291666666667
n09359803_36040.jpg,landscape,mountain,72,12,93,0.645161290322581,0.774193548387097,629.576923076923
n09359803_41173.jpg,landscape,mountain,93,20,157,0.464968152866242,0.592356687898089,683.823529411765
n09376198_10146.jpg,landscape,sea,45,2,88,0.488636363636364,0.511363636363636,617.525
n09376198_15467.jpg,landscape,sea,50,9,63,0.650793650793651,0.793650793650794,610.277777777778
n09376198_15858.jpg,landscape,sea,98,38,155,0.387096774193548,0.632258064516129,619.708661417323
n09376198_19558.jpg,landscape,sea,39,4,71,0.492957746478873,0.549295774647887,716.093023255814
n09376198_21192.jpg,landscape,sea,47,14,69,0.478260869565217,0.681159420289855,612.618181818182
n09376198_34637.jpg,landscape,sea,54,10,76,0.578947368421053,0.710526315789474,654.033898305085
n09376198_5120.jpg,landscape,sea,51,10,87,0.471264367816092,0.586206896551724,650.017857142857
n09376198_6163.jpg,landscape,sea,105,26,157,0.503184713375796,0.668789808917197,670.920634920635
n09376198_9918.jpg,landscape,sea,57,4,71,0.746478873239437,0.802816901408451,585.344827586207
n09393605_29445.jpg,landscape,field,49,17,89,0.359550561797753,0.550561797752809,618.15
n09393605_44117.jpg,landscape,field,52,13,74,0.527027027027027,0.702702702702703,637.245901639344
n09393605_56109.jpg,landscape,field,37,10,69,0.391304347826087,0.536231884057971,697.255813953488
n09393605_61186.jpg,landscape,field,51,12,83,0.469879518072289,0.614457831325301,679.098360655738
n09393605_61672.jpg,landscape,field,55,4,79,0.645569620253165,0.69620253164557,658.090909090909
n09393605_64280.jpg,landscape,field,114,18,160,0.6,0.7125,633.120967741936
n09393605_64769.jpg,landscape,field,62,6,84,0.666666666666667,0.738095238095238,666.984615384615
n09393605_67985.jpg,landscape,field,45,11,85,0.4,0.529411764705882,598.867924528302
n09393605_8966.jpg,landscape,field,58,9,70,0.7,0.828571428571429,663.046875
n09415671_11456.jpg,landscape,river,41,12,74,0.391891891891892,0.554054054054054,729.833333333333
n09415671_13467.jpg,landscape,river,84,34,156,0.320512820512821,0.538461538461538,642.298245614035
n09415671_14688.jpg,landscape,river,56,9,77,0.61038961038961,0.727272727272727,668.135593220339
n09415671_15736.jpg,landscape,river,52,12,72,0.555555555555556,0.722222222222222,657.016393442623
n09415671_16184.jpg,landscape,river,47,4,74,0.581081081081081,0.635135135135135,655.574468085106
n09415671_9545.jpg,landscape,river,90,24,147,0.448979591836735,0.612244897959184,643.859813084112
n09421951_11637.jpg,landscape,shore,41,4,74,0.5,0.554054054054054,686.404761904762
n09421951_8175.jpg,landscape,shore,50,24,70,0.371428571428571,0.714285714285714,604.69014084507
n09428293_3364.jpg,landscape,shore,46,8,72,0.527777777777778,0.638888888888889,614.769230769231
n09428293_5897.jpg,landscape,shore,43,17,69,0.376811594202899,0.623188405797101,708.883333333333
n09468604_15562.jpg,landscape,valley,106,17,153,0.581699346405229,0.69281045751634,658.683333333333
n09468604_15592.jpg,landscape,valley,73,22,159,0.320754716981132,0.459119496855346,692.3
n09468604_2749.jpg,landscape,valley,60,22,83,0.457831325301205,0.72289156626506,606.621621621622
n09468604_37892.jpg,landscape,valley,46,10,77,0.467532467532467,0.597402597402597,616.098039215686
n09468604_40956.jpg,landscape,valley,56,16,69,0.579710144927536,0.811594202898551,664.757575757576
n09468604_46566.jpg,landscape,valley,54,29,75,0.333333333333333,0.72,674.168831168831
n09468604_54577.jpg,landscape,valley,59,20,74,0.527027027027027,0.797297297297297,669.71052631579
n09468604_56818.jpg,landscape,valley,42,3,67,0.582089552238806,0.626865671641791,686.441860465116
n09468604_57366.jpg,landscape,valley,64,8,77,0.727272727272727,0.831168831168831,676.926470588235
n09468604_89593.jpg,landscape,valley,66,10,92,0.608695652173913,0.717391304347826,667.529411764706
n09472597_1402.jpg,landscape,volcano,50,15,76,0.460526315789474,0.657894736842105,669.380952380952
n09472597_15575.jpg,landscape,volcano,44,9,84,0.416666666666667,0.523809523809524,666.30612244898
n09472597_19101.jpg,landscape,volcano,46,7,70,0.557142857142857,0.657142857142857,696.058823529412
n09472597_22784.jpg,landscape,volcano,37,9,74,0.378378378378378,0.5,659.204545454546
n09472597_31092.jpg,landscape,volcano,145,21,161,0.770186335403727,0.900621118012422,688.59748427673
n09472597_32918.jpg,landscape,volcano,55,11,76,0.578947368421053,0.723684210526316,673.515625
n09472597_4395.jpg,landscape,volcano,101,22,161,0.490683229813665,0.627329192546584,626.55652173913
n09472597_4882.jpg,landscape,volcano,60,4,81,0.691358024691358,0.740740740740741,699.21875
n12345899_12760.jpg,landscape,mangrove,66,17,75,0.653333333333333,0.88,622.831168831169
n12345899_15016.jpg,landscape,mangrove,60,17,70,0.614285714285714,0.857142857142857,624.718309859155
n12345899_15631.jpg,landscape,mangrove,55,15,87,0.459770114942529,0.632183908045977,707.878787878788
n12345899_16717.jpg,landscape,mangrove,55,14,70,0.585714285714286,0.785714285714286,634.045454545455
n12345899_18668.jpg,landscape,mangrove,64,9,89,0.617977528089888,0.719101123595506,636.63768115942
n12345899_20133.jpg,landscape,mangrove,62,6,87,0.64367816091954,0.71264367816092,641.85
n12345899_5004.jpg,landscape,mangrove,42,6,71,0.507042253521127,0.591549295774648,633.673913043478
n12345899_6119.jpg,landscape,mangrove,60,15,75,0.6,0.8,650.114285714286
n12345899_6568.jpg,landscape,mangrove,45,17,75,0.373333333333333,0.6,611.689655172414
n12345899_9738.jpg,landscape,mangrove,46,8,74,0.513513513513513,0.621621621621622,660.038461538462
sun_aajijsiddvaqjsct.jpg,landscape,waterfall,51,16,83,0.421686746987952,0.614457831325301,667.584615384615
sun_aanfjwabnufovale.jpg,landscape,creek,65,15,86,0.581395348837209,0.755813953488372,617.306666666667
sun_abdqfmnccfyuqsjh.jpg,landscape,snowscape,37,9,69,0.405797101449275,0.536231884057971,670.318181818182
sun_advruofhmqeyqmbx.jpg,landscape,river,103,39,155,0.412903225806452,0.664516129032258,655.088888888889
sun_aggfowjpvviyezvb.jpg,landscape,waterfall,82,18,150,0.426666666666667,0.546666666666667,633.691489361702
sun_akriyetrhoopjsdy.jpg,landscape,badlands,93,21,156,0.461538461538462,0.596153846153846,634.222222222222
sun_alynwiithdespexf.jpg,landscape,snowscape,39,11,82,0.341463414634146,0.475609756097561,681.851063829787
sun_amevzodkyjpljcde.jpg,landscape,waterfall,59,18,71,0.577464788732394,0.830985915492958,633.347222222222
sun_amhftfdjiroweslq.jpg,landscape,field,63,3,87,0.689655172413793,0.724137931034483,669.587301587302
sun_aprctqsrjhrpevzy.jpg,landscape,creek,51,6,74,0.608108108108108,0.689189189189189,675.358490566038
sun_aqtstmhxxgspchdn.jpg,landscape,desert,38,6,72,0.444444444444444,0.527777777777778,668.775
sun_atujmqovmioxulez.jpg,landscape,desert,63,14,76,0.644736842105263,0.828947368421053,665.851351351351
sun_auhihtbsylsxsylt.jpg,landscape,lake,34,13,76,0.276315789473684,0.447368421052632,649.409090909091
sun_auibkfkgntzgyhsd.jpg,landscape,waterfall,59,16,85,0.505882352941176,0.694117647058823,649.151515151515
sun_avawcmcabmaoywsj.jpg,landscape,desert,47,14,75,0.44,0.626666666666667,619.745454545455
sun_azqthtbatlkavgcu.jpg,landscape,lake,27,11,65,0.246153846153846,0.415384615384615,673
sun_beyqkdhbapysbwbv.jpg,landscape,badlands,50,8,84,0.5,0.595238095238095,711.535714285714
sun_bkkyikcgcicqwrqk.jpg,landscape,waterfall,51,19,73,0.438356164383562,0.698630136986301,664.516666666667
sun_bljyguxxfiakvvcz.jpg,landscape,badlands,50,21,82,0.353658536585366,0.609756097560976,610.617647058824
sun_bngquulvvnytlqxq.jpg,landscape,waterfall,63,28,77,0.454545454545455,0.818181818181818,599.333333333333
sun_bqgrxjafdmczsueo.jpg,landscape,waterfall,45,20,65,0.384615384615385,0.692307692307692,675.672413793104
sun_bsncxbgeurpzwnse.jpg,landscape,waterfall,64,8,81,0.691358024691358,0.790123456790123,646.405797101449
sun_bwxnzldrpyvierjp.jpg,landscape,waterfall,68,21,83,0.566265060240964,0.819277108433735,647.609195402299
